feature1,feature2,feature3,feature4,feature5,feature6,feature7,feature8,feature9,feature10,feature11,feature12,feature13,feature14,feature15,feature16,feature17,feature18,feature19,feature20,target
1.671744328338626,-2.5157368690598876,-0.7696561338210395,-0.15519527341971995,2.192569166414024,0.32751881180194276,-1.1712425589189928,-1.8286919314119479,1.0963442201928049,4.077563144107914,0.7093197199784118,3.6508438803546106,1.791322195261901,3.7130176781932547,1.2955493779542837,2.6467360565639892,0.14619196725459185,0.4808339401683428,0.9127779513947372,-0.2512145629125866,0
4.0581740040559335,-8.126468063243665,-0.33771361084433765,1.0960114201254927,-2.751593430433286,0.09777231737765035,-2.757409438573412,-1.6991559295489491,-3.659188299418678,-0.5510026213505245,1.0109424990645692,1.3594660620603283,-1.5692046446924128,1.431043919188327,5.331930304652383,5.589230970573019,-3.228392260575188,3.8613322963456804,1.1088515517982707,2.9905973976092204,0
3.235321893934331,0.02256560083546251,-1.5176728311966083,-2.5245172326695355,1.1511140595764613,-2.126779843943029,-7.4281965566645125,1.3668051754044541,-0.40241125614216555,0.21662497391544974,1.6405262052656282,3.1476564440941277,-2.764305233422929,4.106117468581393,0.6534024206891232,1.792797790981333,-0.05409986863288789,3.1917209251916,-0.8910301767871014,2.296460060478295,0
1.7494051070233774,4.917061667778329,-5.399250780635236,4.434190240793637,-5.814810225280731,-3.0275062782341537,6.025781626742536,1.2141264862974674,0.31493190339171984,-3.9613646115783925,1.3225274128238769,-3.0163269075563193,-2.1125066521954774,3.373930617739865,-4.579822040464652,-3.8208206645407734,-1.1376443498520654,-0.7948020305645678,-2.9620367730604586,0.04262505208577405,0
-0.522057334877471,2.2182492568760646,0.4772976925970804,5.211553801857373,-6.799119055436555,-3.3579767804092615,9.104038493261186,0.33653383671929993,1.661282194385329,3.263830551702117,0.03751370224964745,-1.4359061555509742,-4.619526875386054,8.634922877412663,-5.107560585838997,-2.2220404755605623,-2.7139192058901793,-0.7532828688351924,-0.5525136524861352,4.61497641538911,0
4.518818128640286,-5.731012500533065,4.481141088682441,-3.7839298221003093,3.669470715131179,-0.07386320562808968,-2.7525229434769267,-3.769918007218097,-0.16432703757999234,0.9877910351038245,2.835447446801979,1.1286858430830309,0.3093560745009827,-1.2420742081187837,4.037505386902534,5.971711032006884,-3.4024325225020413,3.1008555108280484,-1.7283162805705437,1.5466873067597144,0
8.807739200566843,1.8489813546337508,-1.2713892327424121,-5.224224354761477,1.9323569354913925,-0.9957768231589358,-6.149501435290428,-1.8343362489978308,-1.943594898105406,-2.472071884329896,2.020582985617899,1.4747662427739874,4.619694505543299,-7.128244326805289,1.861646768975267,-2.1154937818129906,-4.809856069223358,-1.4590656279426453,-3.1605247963737755,-2.681605171627128,0
2.443712764269526,-4.996702312783824,-3.0553582640883516,-0.7680545621365766,1.631584115221674,2.5281766640194294,-1.8897546973128747,0.018623276333011307,-0.7123163338595968,-6.921091423787096,2.352985245815492,-0.7388289229827469,2.621932879367533,-0.9969227132296861,1.5016204016573949,1.7304329078865042,0.8118410843089938,2.7035759000922557,-2.9459294809139625,-0.8430559910998212,0
0.47299242663505114,4.115859307800084,-5.210078509453255,2.404600698074319,-1.4981398267036548,-1.2872347726959719,-1.9325435366234982,0.25084935191197943,-1.6512406766248695,1.3626498192721017,-1.1945135562577995,1.21067831842128,-2.178476185891558,0.03879422172300486,2.7226543459569417,-0.13127109025357736,-0.1685499746383559,-0.444496330502149,1.2414132843138124,-1.7851356267917202,1
1.563646043462362,1.9691732429599378,-11.472614677994605,4.743019507704007,0.1011788241039628,0.942897997082803,-1.7369919110311742,1.2352684323989576,-0.9774972145013698,-2.6158639779438535,2.9332510004813983,1.1982037169682458,-2.439297399371059,4.948425641539842,0.7927037391426403,1.0234901378275054,-1.1036395078903563,-1.2055785310008371,-1.4865547642216552,-0.38923927396329416,0
6.9567256136155065,2.961461956196425,-5.913563831145958,0.29894984697643445,0.7369512294994198,-2.166215186101141,-3.943373913657821,-1.8369105860643522,-0.9543905099095007,2.202703635777257,2.7741107930957996,3.3463808710098566,-1.9480874968355535,2.7766808291659473,2.9011734759919214,1.4661871168041816,-5.286716976018115,-0.30010144010996687,-2.341737276853663,0.30236558353005627,0
1.447220327506392,-0.9046885872058488,0.5853575944573469,1.474846849777835,-2.1532504472019762,-1.9158321817061563,1.8158103602670863,-0.865722545345241,-0.07888026617932264,1.7921824454439823,1.210453829894858,0.05636090866121757,-2.590506683309771,3.524679525664755,-0.5798814250040998,1.742328134149341,-2.3163405070418746,0.6029113264475863,-0.006644414650797792,2.506066021405083,0
9.959143111015825,2.430212121219635,-6.597596716293396,2.2662688624263962,-1.5099649007445586,-1.6037430043065752,-0.5133583011047776,-4.348456238827867,-1.6475787561604749,4.915871353251831,1.287432155275313,4.379034020649393,-1.587098015706517,3.2924169315690146,6.766221762780716,0.7306524502714333,-9.56295024196174,-0.17773210593762667,-3.5092893816841495,0.8451817607211802,0
-3.0467903030424455,-0.19169930992336315,-1.0001396559525122,2.8660809332941817,-1.4722563420603436,0.04117542914015604,3.4752436861907436,1.8252973665102465,1.3724983572366636,-1.251264218160802,0.8532112454860699,-1.5768735185075078,-3.3841947822388643,5.514643516140108,-3.0380785635150263,0.10616375927638219,1.236027289412111,0.7462001217872707,-0.739469976056303,2.730504265309719,0
-4.2564227604413585,4.133871153589944,-2.0152809927025195,4.2902075310713546,-1.9469450897204532,-1.401789096625813,6.861180126043772,1.4092272017798029,3.4163989679441333,2.959345261977631,-0.11550332810768582,-0.44940218071152416,-0.9068401689576701,6.967349287123542,-6.770703120335364,-2.6096125418405283,2.9329528379444683,-2.926341289333539,1.1770528459722636,0.017913964822975803,0
-0.5641155573522819,-1.1857481258038114,0.48216512141843465,-2.595575236461181,1.4485265450434996,0.0753316830994396,-3.9590041394786595,1.8965949249963978,-0.7620110071605635,-5.035801922886942,1.781148864130262,-1.5960372812491004,1.2838323861143426,-3.3464015740363147,-2.5473359335375956,0.36428832449985454,2.4798515337123224,-0.016028470001646422,0.2687652036999201,-0.8873925074624589,1
-5.058774892940149,-1.497689227813145,6.889187742953953,-0.3910359493558788,1.5318072575497659,2.6527780445644438,4.071586248756684,-1.2455082654438745,1.7766258906743024,6.626962570111769,-3.906446692906292,0.7616793816880044,1.9251143383526435,-1.0700526029060364,0.8602253952265959,-0.8760223950823355,0.7958550159409005,-1.908795580591318,3.0389586667936714,0.41141393455280073,0
5.181573369337154,0.783647876367405,-6.058231987421029,1.402427420161938,-1.771576337525543,-1.5544517853635038,-2.615284205179297,-0.569366781557471,-1.1171489827149366,0.4747411793894818,0.5920599435542551,3.1353786042556333,-0.2971238582136485,3.684774579485189,2.4264917652329836,0.26301485254566787,-1.6360308871554774,1.682019432021507,-1.1681917211938477,-0.3875895958551805,0
-0.026992122550523877,1.4923712852601587,5.386052632693494,-5.404111597628623,2.3551486485073316,-1.555883537552058,-6.28574324937066,0.61080066819757,-0.94710752778293,2.1729626601341994,-0.1575687649587949,0.8376572888853613,1.6542111135023032,-5.936061828059069,-1.8180352588799813,-0.5344931788525287,0.22423096579016846,-2.6988821396500704,3.141800600601183,-0.7688237799486408,0
3.8675682020083593,-0.051482043097316174,4.00242073203191,0.07081163044126537,-5.469535602175258,-2.0512350039014624,4.171277199825983,-2.315103247461603,-2.3464380844522617,-0.18814764398094191,-1.4389287474363974,-2.5122018579830976,0.28890633358322304,-5.0864732541626,1.5434656494048213,-2.0011786584924165,-5.3135440956319515,-0.22684197227307412,-0.7758023173339994,0.6792759324672966,0
-1.5761929641454107,4.437694897891593,1.464223718380012,0.7509915287033306,-1.2823582047846374,-0.7047710356763122,0.883791245646715,1.385739180746103,0.4954472479897899,5.469195213788278,-1.320793208510957,1.0837773540819837,-2.886414981057924,2.539978833538794,-2.4383775130697947,-3.563878184770389,-3.178771504694237,-4.02366572567345,1.2775476648054866,3.207112513411397,0
1.1963616111436035,10.969744726033655,-6.781936975310535,2.8759376540231516,-2.3080510606858566,-1.915572168858755,1.0055973726054677,0.6183822850062326,-0.2818425766692594,2.709951734156268,-2.445836521514639,1.0208380614987527,-1.7335694081217157,-0.3214140351337139,0.8202305469260844,-5.884311925465627,-2.1125827413813894,-3.508032807004744,-0.9758494512619589,-2.769189347388301,0
1.5591990247853238,6.989071723980684,-6.252571138495674,1.6261364285716455,-1.1873691422496313,-2.348142573400831,1.398474417606111,0.7631832857558472,1.0756663104943756,-1.7321221879100068,0.6311422929505657,-0.24494883512171428,1.401774835140651,0.547101984195839,-3.405685795356538,-3.8336693148418863,1.5735688478801015,-2.090600635379027,-1.5215388052281482,-3.9467231856515523,0
-2.990952136468276,1.5200368942019937,1.940444870190348,2.121198472365211,1.0198178016100108,2.032947803668335,7.156751867094944,-2.018788129889828,2.48069322488086,4.64429665392714,-1.985150479909246,-0.3295582703007758,0.9937361079565006,0.6076523360310739,0.4580836091471676,-1.4935270878928653,-0.9616816566640602,-2.4746479754359147,-0.14646856481369808,-0.5687434979155552,0
2.671111434891952,0.9147738888734854,0.30020994166775905,-1.0990586459586535,0.5757274092100059,1.0409244091467926,-1.0437426325185126,-0.549906976599358,-1.1636570454961452,-0.5296523622802901,0.572267321954298,-0.3963490911985553,-1.4206806895041681,-2.312929892223209,2.428905822543544,-1.1670316774886862,-5.3579815186395425,-0.9547433352293446,-2.6764624619445336,1.9876106006840295,0
0.3848481733387438,9.343552316834165,-6.5536837155380985,4.622048559176083,-5.187448796736896,-3.338416701151893,4.285108346236564,0.9609243917252215,0.714340697932246,1.3903013715100099,-3.070155052036724,0.20936484170232572,-2.77498238592476,3.7473317000151796,-0.20194527217970257,-5.200849095572541,0.8216289470815316,0.33205851373012296,-1.470373723551772,-2.168148755269569,0
-2.4001704086403612,0.814638300153437,3.804188140207225,2.219443073114355,-1.9627913816547393,-0.5996133883529156,10.648252248157178,-1.953448868085624,5.035468629213838,5.993173923887259,-3.453128649995683,0.8922870801272181,2.725485033217623,6.208684997590039,-2.7256339578158726,-3.024047833905184,2.859662940983958,1.049343983947869,-0.43603018520750303,-0.5799019649574557,0
4.825280675671453,4.991099999723479,-6.851171377456498,3.541896661846498,-3.6916185008892413,-3.3776517584452503,1.2064501987636778,-1.4208490540049423,-1.1380225123078236,0.6282391061887285,0.3590615248149073,0.8275958915166812,-2.840868471804716,2.4957517301044807,2.565955445077856,-0.3618210061451871,-3.0549763169098823,0.897197199978709,-2.014358891011315,-1.2189688713652134,0
0.8049054332226019,4.204566105632068,-4.594819120384417,1.9152319345416502,-0.7484118454679275,-1.9368830901914593,-0.9434619635559135,0.5673629425214648,-0.21698053520194804,0.795303564474395,0.971113468244801,0.6777496669060965,-2.409284461940403,2.246325443359169,-0.6912615712117404,-0.17686897568219015,-0.5284105263891563,-1.1718446362799837,0.03531173714665492,-0.5438240523437157,0
-0.008757203414067608,5.794365537699875,-9.170116356126567,0.16657067740773668,5.222069816525936,1.4305289787170348,-6.8473152026850395,2.7407398797714637,-0.044407471960236755,-3.078730552603801,3.403716038627164,1.0643784373752614,-3.0011327343217955,1.137580704610151,-0.011816980299964953,-0.19841494109624955,-0.35594453158614014,-2.517474494404377,-2.4499071318726098,-0.8511688484527317,0
1.6155703543305584,-3.1896958972160667,-1.418349760176087,-0.0019713289680713952,0.6824007706906601,4.488280371578222,1.904930077361115,0.30177575233073006,0.2847805666561568,-4.320105177414098,-0.025142977210481754,-0.5714165248065255,2.086645577865113,0.25873557717912643,1.8506914226181863,-2.6598186830660198,-2.4103529629714164,1.0772109731066235,-4.678111851858617,1.63782025869213,0
-2.064457888372025,-1.1493549594336299,1.8181265263952833,0.2607623885202318,3.569082044209968,0.6273227118773617,2.5290732146611234,-3.0387626275342905,2.0653917480942385,2.6668200414083727,-0.42305130681316805,0.14069646271214864,-0.3317505651607604,0.25665152355331555,3.763219143720901,4.514350528092962,2.1909837338961697,2.6848397730348985,-0.17530381090486025,-1.9928935740216611,0
-4.050215924963342,-4.094999824204721,-2.0403735664053353,2.895206698395989,-1.2742301143117227,0.9617960398626657,1.694559310817408,1.753158075926963,1.5081367114001267,-0.12736158631454045,-1.2702622493046865,1.4098215096404552,1.3199486100780904,6.659055203120386,-2.033015451629108,1.3155115340871515,6.943740681522573,2.737455317446929,2.6589599398787995,-0.41364248495196176,0
-0.589729242520178,-12.236891154648154,4.036338365007767,0.9854833719354978,-2.0033620622348685,0.6484285575048053,3.3708859641408098,0.4170386625825293,1.6373505543407045,0.2196982558737823,3.5601616455158025,0.9842879545171027,3.8615371933005624,8.779625540078966,-7.952059608527393,3.5635872607812904,2.2702718618694715,0.15719104448206067,3.2186854131142923,4.558559289146114,0
1.078150044024993,4.4773244020628065,-11.396676808762184,-0.5055575532837486,8.704635981363186,0.3091670419215915,-11.767410313726886,0.4742542503624727,-0.325407241147623,0.8546217872788018,4.455270850331555,4.821638016629837,-1.0047417972418795,1.1651651730207597,2.607467946347352,5.313972952535346,2.3331441697014963,-2.2638578845880613,1.253123149877803,-4.613411077734856,0
3.8486736872551246,3.256757765964724,-3.072559753096102,-1.3859730282901528,-0.9837963144407844,-2.6297126365261905,-6.90872157188049,1.7611679838573977,-0.8463039517576494,2.678096812707274,-0.5177926133394501,4.430651637571049,-2.925731486891293,4.652049296663597,1.2034916596239311,-1.3947896090803513,-1.3296692063762947,1.838786443939813,-0.4474062677668039,2.1413045107499595,0
2.6176729350658148,2.1543727726389914,2.0155342720251355,-2.7945904660840064,1.0439410702695386,-2.391195277249759,-1.796432500074946,-0.516568471532723,0.33613123283340784,-0.4792980772246307,1.9037171493883442,-0.5939099802244443,-1.1253619533585564,-1.4169235728318,-1.1675864179546072,0.19455008624089654,-1.8735370260642967,0.20282651759413683,-1.8673769535418794,0.5365867888544804,1
2.5948522700651937,-2.747411201681979,-3.6157045206599925,-1.5797883779575863,2.1372218265044474,-1.759561555441541,-8.138570957761564,1.471103779368531,-0.6227621099253073,-2.563696694759573,3.9501817296207715,2.381541113301819,-2.6811990642366377,4.912660086709826,-0.037860053468065244,5.099485311029299,1.9144916403798977,3.9213748861134086,-0.36095703884185093,1.6013255726302733,0
5.394018357335046,-11.411187223169767,-2.3060706297070013,1.0444380812626253,-0.10736835618987224,2.2135662258417272,-1.8391844712209526,-2.3397518766149132,-2.2156607024876736,-1.681798000884206,4.258181900251625,2.2154350571630776,3.1133630672903156,3.099967540825347,1.8965737657339283,6.013323850897698,-3.3210653097647267,1.0274757663446077,0.5465853894853607,2.230727009911818,0
3.793679805188237,3.55052108172057,-8.110469573861394,2.383734239110202,-2.651098629932254,-1.547336731450004,-2.8566059270853126,1.3341995809539795,-0.21312905255496362,2.983876878250666,-1.1098712924068512,5.238021278595959,0.328334811661416,6.958796213574244,0.13624761217073333,-3.1632516025342445,-0.059690780102477484,-0.07251096201617924,0.13776146201309936,-0.4283471479356692,0
-2.1640765783857527,6.84663722493344,-6.062453407897293,3.624542885568238,-3.897505510863669,-1.218828287430309,4.84693113332033,3.2063253019102356,1.9110827702917748,-2.3394517334450655,-1.5488339982470452,-1.045836470747627,2.202297372078712,2.9517321631216134,-6.803338383453674,-7.393860192079966,4.345341025324775,-2.8434137943378435,-0.3626440361496176,-3.1772019053710636,0
-1.7498512848798737,-2.698834197357421,-1.0296754244111985,-2.2196176360041138,4.074338428330269,2.6633163481113975,-9.123482966561616,4.30140405791847,0.02739384252971666,2.328094755873923,2.0128028194294236,4.559349941693274,-1.6260999079170122,6.233905787400759,-2.9532203341969487,0.37892033372811884,-0.11667102332036831,-2.3782116887759885,2.2366137604526957,5.359763063809873,1
-0.8839813561550321,-2.6726446994895317,-0.08960731327648504,1.0762303946944882,-1.1961553564398175,2.684014470029833,-1.7477482400031967,0.8960935761502877,-2.8049338823859884,0.3224225427309651,-1.1546217853869902,0.22047283976124876,-1.0542670833280725,-1.6236291444431905,2.6136608164502424,-0.14199468302453577,-2.958139085397253,-1.6678991369089409,1.8357026254284299,2.413094717883847,0
1.180689134507973,-4.847108966485358,-2.3058469876282204,-1.6548742101509717,3.6279451610548956,1.4682579032882352,-6.1866735876412635,0.4293634950311055,-1.0058729522414867,-4.364300033472529,3.008445658717224,0.6798494340313903,-0.9027601988320875,0.590792618719082,2.729870202608532,5.203588333229457,1.4110022244004436,3.6669231848328074,-1.1291332607416655,0.532571977437931,0
2.0140615484145656,-7.980904076842223,-3.3563614150495016,2.1617603855155583,1.8904829013696658,2.7987207391978677,-0.03114413633307019,-1.82303638964217,-0.08212997307488124,0.44765549664608745,3.586342132516572,2.41670129886614,2.361457199417144,4.906474481598988,0.7430189971813943,5.109842947447468,-1.325328686724856,-0.37903763108542776,0.7231717930892541,1.2277694207595657,0
2.3935364320452743,1.656038656180005,-4.561485016371458,2.6879506211987407,-3.502494675059957,-1.1077881137753007,1.3257244647821822,0.77425417302396,-0.3031644365559978,0.04377195273330809,0.024014369373648314,1.1517399875961163,-0.3970410269094433,4.2018821302657585,-1.2897332100122694,-2.4369857112706876,-1.3365164965188465,-0.4604767274705268,-0.8136159777017284,0.7087980086677963,0
5.435395986074874,-0.5802456609054167,6.720327717260383,0.2461173918398729,-6.705421497626349,-3.25294200176537,7.711526960081592,-3.952902720888382,0.13270725672660866,6.298123242246563,-2.872164424656109,0.6936805609717,1.7096240588010905,0.7502484169648804,0.4013430232806751,-3.2813859289738483,-6.205198781613137,0.21302566399142953,-0.6231055121292238,2.293634526653463,0
-4.098179523992335,-3.075719972789871,8.931153444698065,-0.08554315877358709,-0.7631370607851843,0.8058850719165078,9.033401117432323,-1.87748083379282,3.7421769785079784,3.3380973919413983,-3.512880480527195,-1.4987015885223678,0.9385238829148421,2.159759242717208,-0.2579570835758467,-0.41640987657536443,2.5006673991272415,3.433837746901507,-0.6305236302573145,1.3753756255870604,0
1.9264655781622944,7.006697602619168,-0.027655497331111265,-1.6218490542853004,3.4262074214933906,1.8664580945628173,-2.8875373288600907,-1.895162045747456,-0.24835738537988283,7.951986674961142,-3.9875185381505385,3.8891971446313054,-2.9656343431590866,-2.280129793945498,8.81581138491171,-3.0535342441456823,-6.835790145014257,-1.4140999668872272,-2.3569498382850473,0.8598196024371643,0
-3.5055334071507334,1.0911990679289718,4.390907527783061,-1.5698707957188351,3.0429048652244832,-2.1585375669071643,1.0078795510405272,0.564074032649013,4.095075997619576,3.346972931771192,1.6264211784040397,0.2641207403595991,-2.478668056768236,5.570683134860698,-4.918478845452539,2.1111989939383604,3.3967486339071367,0.9319147040457711,0.3448851141568898,1.8643548937398657,0
2.541757839184009,4.278084835610071,-5.34511437769951,-2.0901402788339336,4.315473413179748,-0.4462891759986891,-6.614373963041681,-0.13862935356924722,1.0455563623567348,0.8890110431062621,-0.9304146936363937,4.264732714416353,-0.5382944247111907,1.7574081877176413,5.3256047717528645,0.5480317733688054,2.5340472751065577,4.155022711216244,-2.6428042395940166,-3.0484625072891918,0
4.988374574815367,2.7773881156562603,-0.1665196413770142,-3.379862844986343,1.300185113890412,0.41776213100954784,-1.9528296109020904,-0.2566162225904527,0.02406140848417082,-0.7892031247101979,0.8870487475393039,0.9236403617471624,3.371851920102057,-3.239074842357225,-1.076618552667972,-4.744910237423964,-4.399303756502593,-2.9750642191966756,-3.257550106994212,-0.28368858916170603,0
-1.0375411283511968,-10.087093629765718,2.4114189743897194,0.4066084631475675,2.28987523401593,3.2784310144527384,0.5203165661578892,-1.9980490989573627,-0.30259251081613225,0.511361145170291,2.06535897320808,0.6598677462258398,2.928387140594521,0.9153827237429347,0.969101555106139,6.04230184457423,0.45650428998334647,0.18748417706336973,2.6719875527476162,1.0689180987395668,0
-0.6202041293484949,-6.04643241488366,0.09568187059782596,2.3698243005400337,1.221425874579441,3.4743461149149537,2.372553171352307,-3.755019235652531,-1.6235863472790086,0.11488211950171562,-1.0204311363993672,-0.6665594170958751,-0.49558873154641025,-2.548844582832798,8.86471068854556,5.914874846284502,-1.3519744563331324,3.196747792389342,0.07162623621214492,-0.7921503735838387,0
-1.8356534305638292,-3.4005837786508835,-0.15492851525722603,-0.27462905797627335,-1.2596810956027282,-0.30667240286639486,-0.6401315832032451,2.1723915968808996,-0.30736877778538685,-6.37699958619243,1.0437266643121552,-2.3460908727570406,1.5811711408464562,-0.5034070517733998,-3.48280281810894,0.8887485962413809,5.381382681429227,2.2876722993672454,0.794748145060693,-1.1211626018348717,0
-1.3642335539998507,5.726198499312126,-2.3021713422913432,0.661957672579682,3.207491726646025,-1.0102566166728533,-0.9975225790265838,0.5010434646733899,2.294959424061433,5.077781983058576,1.3937858887468653,2.0976130299631137,-3.4403344067853836,4.729858920854301,-1.866588181618407,-0.024432457625682545,-0.9655820056748535,-2.899402759112257,-0.09479435209217546,0.9952691689878542,0
-4.369145611373289,2.4271901415437824,-0.914441322790757,-0.08952946603921419,5.856380366913443,4.153526854214467,0.41907998451835643,0.05245573958107663,1.586262983901927,0.5778421705381864,-0.1191572111531577,-0.6414198675767557,0.37040068442417695,-2.724298368020597,1.3007725856015147,-0.3613988288710082,0.4654423401581336,-3.2218889079334363,-0.682742647198127,-1.6690858253416674,0
4.5966912604548,-2.106464991227297,-2.815885092452706,-1.7733917369587355,0.2803793772287003,-0.4153673223867107,-6.93711635747301,0.408575184754707,-3.011671795418906,-4.372371589359454,2.176599145895351,0.5344443964638204,-2.0695138908536532,-1.3940104372276252,3.7680225126782196,2.6319488825230453,-2.3490703290148143,3.1060780162652706,-1.9377835133327483,1.2406838880473052,0
-2.2492350075227607,4.744380059861339,2.4311760524763923,-3.2928092591597973,3.0941593240083236,-1.7979857256825473,-4.873024326231294,2.1722353621149617,1.5555443572039602,2.9011246412247895,-0.2113498601787105,1.403776001375769,-3.1560405569026613,1.2876109447000945,-2.0385729238065995,-0.7600316142925356,1.7174759984489385,-0.2028510945488886,0.5618885755477037,1.265889742421042,0
-3.1579328254287975,9.498348368458416,-0.09338711984111357,2.106015738701453,-3.441483654257524,-0.949163562194326,7.602197217459444,1.785466062970991,2.9399588040523508,1.6649023451664897,-4.771314433113852,-1.6147340232776375,-0.7544253852678537,1.2965467911751336,-3.0037088668699186,-9.065982819058442,1.2016203212289842,-1.451919042389267,-2.4378815821412863,-1.016529959304342,0
-0.48984832171782156,4.5294757927376885,3.7072625729723936,-2.4158049998492315,4.126755725977344,0.08264731615456988,-3.087257638567951,-1.55532016688956,1.7695720314113075,11.436963677978538,-3.4004384047707807,5.34473259331124,-3.266514962885499,2.541617587858599,5.220903209605684,-0.29387838052797516,-3.124473583191588,-0.2738327296368057,0.5802133114909387,2.198539856546499,0
5.301411551433639,2.9047294848139935,2.6764895687114194,-1.10670621399367,-4.3025661472790935,-2.7483309403174454,2.0672692618792263,-2.009977416729794,-1.077696847695924,2.7971569714078055,-2.2709753795299172,0.5397793709135215,1.032898253167921,-2.5971362527637116,1.3976318257238214,-4.047068287618861,-5.018268505419934,-0.3667404584906362,-1.3218109586773672,0.2372644632044678,0
-2.529025689151068,2.083983884019567,-4.82926720992694,0.15010922421991224,0.9500608936275481,1.9505537393991839,-5.19229807270308,3.2688494592133126,-1.9034009380494756,-4.918448735169992,-1.35375026874916,-0.6028513471511054,-1.3283619568624783,-2.83438415335254,2.3776404609794493,-1.174297871714368,3.1845411750462294,1.0322405981566596,0.017268884142917384,-1.7604357777643336,0
2.9987139088355326,0.08380742407334549,-4.7145262468984575,0.5312600214712268,1.2687567578709988,-1.4663707480386126,-4.971751798485158,-0.9743636268946114,-0.9119264067491815,2.325789576797753,1.4321647112603615,3.5851547570685782,-1.2495994468423386,3.0036707631385755,2.983276958983221,3.737339401356748,-0.20048466258976172,1.2891978786914307,0.975814624800746,-0.8319347435958726,0
-5.738950524136392,-3.3270995952507736,6.522580464834162,-4.150802783804091,6.754861334582926,-0.39423668549086655,-2.9206462675675513,0.46418746351830265,3.273096970721557,0.17191705135824173,2.3787270830558644,-0.7127955724313582,-0.5524628395562159,0.7711904549358788,-3.2627212155406595,6.24648758060986,7.205827264605181,2.558489461525933,2.117481846932412,-0.269917399260617,0
0.8267202585833798,-2.2382450897271777,-2.139641257705486,-0.9804949278407651,6.575185021652144,5.93739500581488,-1.8809983230583944,-2.6387969046725384,1.1796971308809172,2.2727557457990826,-2.2132159485898244,3.791123877470092,1.2458950413072247,0.2862776023272914,10.340686111051328,1.763172404016928,-1.2499482622084797,3.5525445339156154,-3.7595568208008805,-0.9068718567555003,0
3.1896542391774405,3.1655703225845984,-3.619196427414067,0.5749144803798036,0.7592669327562749,-2.1273370634776,-1.2579106361752719,-1.487712290913659,-0.0491607785390602,0.5967084719024407,1.6840984217152228,0.8068476908246855,-2.3584756292670717,1.1321421599504466,2.194430582997077,1.8594812771586764,-1.8540100423097208,0.9866982890595175,-1.923140208689237,-0.9234180617813095,0
1.4171429204629242,-2.3320357732178505,-3.3559369513019033,1.3796022011482836,-0.3191171412562352,0.29302691650510004,-1.3645981743629594,-0.25578136481700287,0.17583699302639744,0.7600121126186191,-0.6158841389918253,2.878606918116936,-0.6112266065334915,5.224405601316918,3.216203975409246,1.9559633596454151,1.456460337973314,4.042356287190763,-0.5665191182597897,0.3954873489430686,0
2.6904729153906626,-5.2427900685657,0.9228296729565849,0.4136587720474333,-4.771133535080985,-1.477725338760838,-0.7700185316350484,0.031797562547252745,-3.178275345882643,-3.547715938313144,0.7698788089985973,-1.3364185822802095,0.446343347870906,-1.430038021933651,-0.1471658566722568,1.73126366485955,-0.8499366019707192,1.8221700965080978,1.4901455525478404,1.2119401100204459,0
0.5945965207027795,-2.7026734838340083,5.584073831236283,-1.6472084199040973,1.5252163141763302,1.0554104234712476,3.1698841933431536,-3.190844981282327,1.3109033080567656,3.3214777118880363,-1.3304566115415053,0.39290969721144886,1.8714155403800956,-1.4242113861108543,2.8546904064632885,1.1325273020378468,-1.548998664595848,1.3101539789889545,-0.8010230398545836,0.2155151990813471,0
-0.6701354775107444,1.1228032773627459,-2.51858262461131,-1.4861160585174522,-1.0052869152561474,-0.33638292491077226,-4.268301141592691,4.094572794740666,-0.4853673039004043,-5.688585080375495,-0.39304113747074476,-0.3742836334774424,0.8268657423871282,-0.0384173208970438,-2.990961209069574,-3.134778524139851,4.457785605866565,1.6347289551806672,-0.4826524434242673,-0.7635440857997262,0
-8.456252419377034,-6.676447398541089,14.197060561694716,-4.2002164772503585,3.7092227390501193,0.9997424312989381,2.7853167284828997,-0.07248060440831672,4.275257068506784,4.828294834989092,-2.1746584589004008,-0.4202289763242266,2.141418531867134,1.1686305225918383,-4.033052560651445,3.145413132370093,7.362965523864016,2.2963847057249627,4.417778130971897,1.7516818416516784,0
1.3106835274184423,-5.897350616808508,2.030803991093881,-1.4723110870321632,5.5117168810659205,1.339787198169211,-2.126701245632255,-3.897699445944462,1.183960132466332,4.658461060690992,1.8793300554508918,3.3734751219111794,0.5699176450387482,2.435028739276897,4.806042750798649,7.567067167293297,-0.47693901188457555,2.5432200709810524,0.6029331493256633,0.330133686084215,0
1.4798738642976024,-0.3915495512731383,3.982484412811387,0.6318630194955952,-4.0290907273240375,-2.092961547929302,2.5141127003231887,-0.5883342691658722,-0.5324809566158633,3.8400319228361224,-0.8750201304456543,0.18882864504307917,-2.9017949053640955,2.6214805097011067,-0.45222572049437304,-0.7519328789764611,-4.212627887557229,0.07338022757446183,0.4049346812526442,4.286865292732363,0
2.7478095371091964,2.14195976428312,-5.766994218423175,3.139325178280419,2.033791856714826,1.6155531071040978,2.9462260635799207,-3.5460521448423528,0.9899565195899755,4.8063219024227175,0.28673863485757867,2.984701842919025,1.9398061432750229,1.9692888951194099,3.7212912288124613,0.3559453549535549,-3.4704200324340855,-2.7978443055334266,-1.1309582863707683,-2.523588097892768,0
-1.0559344194907438,5.5621414076942015,-5.127700270293194,-2.5021953851101446,5.569540929600344,2.675916878582916,-5.5211418469205435,2.382296841207604,0.3862058134428239,-5.565139520862046,0.1561006619376608,-0.5901711320051541,0.1730692652813699,-4.491466623906643,2.0128734114390996,-2.6657889671606187,2.2247954186815746,-0.01138095301444031,-3.80558560382931,-3.361257488823285,0
-0.387165432109212,-5.489842905222424,-1.2376791295792524,-3.4608263789748066,3.8444321998576254,0.8073085335178063,-6.304735855631251,2.722847741372821,0.23551985182686663,-9.99106261315756,4.476557299637754,-1.740733812185332,1.0340363588744572,-0.03286703403833549,-2.737938519489276,4.022250002423587,6.030436360614121,4.58474679201056,-1.8782896567824425,-0.4699771687631664,0
0.989172185841009,-0.9466532001588257,-2.4317764089397933,3.2358673148580297,-0.7694943171780716,-2.0768811256035784,0.9010911718052063,-1.2502431615209089,0.3674394475403978,4.781609267741048,2.731769622585857,2.1086678706237176,-2.954273168499669,6.9812114749345,-1.2988196900296187,4.123939651906947,-1.9352171081019598,-1.2171824601469772,2.019797466557017,2.188387079187487,0
-5.75310584662977,0.723867428284744,11.730072508294683,-2.532841831807209,5.944348702375871,-0.40447546412637625,6.517045872236133,-3.425005882158957,5.225950240892357,5.991799178247622,0.1930390565438067,-2.7263044443776066,-4.446943908699755,0.39916584159917123,0.3892725976685032,4.597688631531892,0.17403810138571638,1.898340088062806,-1.6092221966485045,2.2942987228858933,1
2.4533343709263913,7.184964661882913,-8.65620439704548,-0.032657369692619787,-0.10548543550608633,-0.16185780646050096,-9.817568668378787,3.1845100674895703,-2.4462620143715412,1.1274239521786478,-3.2891173005630048,4.967805998330677,-4.317599788481379,2.024839575997022,6.511762770060741,-3.4748351114214877,-0.7861810770297077,2.1480100308411587,-1.2644778352066728,-0.0004499088861241729,0
0.3749465037960869,-1.2209102056224865,-3.7635763379820677,0.5885485598304625,3.8444125193148513,-0.5063669199740378,-3.6153647852431328,0.11346042604525253,0.7743493139855492,0.3291049215057423,5.1234994206023465,1.4501951104738509,-2.4654799738095052,4.987831796801325,-1.8332921804729863,5.303445162836419,0.02735647307409107,-0.7962957318941589,0.326253837200952,1.229760641313327,0
-4.177443688228436,-1.124721595674714,2.0595823347954183,-0.8669229878326119,3.850432196937752,-4.429440312177032,-1.8860274782693205,1.2333604067402013,4.192694464895059,2.117508730782621,5.147294800519415,0.6450867817556398,-3.4842747702671844,9.050651885914561,-8.02651284504735,7.211109506138369,7.239835533634036,1.8717312008966343,2.86090091846079,1.259833847165133,0
0.43320328741224323,3.2219670540905776,-6.9351536944070915,1.438462014872762,1.9887874310916283,-1.3358961861724175,-1.2011743410328126,0.6996691000033786,1.4494769366332845,-3.1223274099483493,2.839412407260757,0.09001156011883116,-0.777815515506237,3.1523530756813467,-1.6295917235204425,1.4475554708669858,3.327416261066181,0.9687259683084724,-1.8525105054984394,-2.8317322749328664,0
-0.2862587045884781,4.865550555609226,-2.8537715534106134,3.267042717086963,-2.4960630412209412,-0.7504015454807984,6.168092593179686,-0.16024488437120765,1.4227344188157112,0.06912431465799142,-0.8917384950515462,-1.465935753796874,-0.7562396473551031,1.8033621691808328,-1.4644346490337643,-3.5866463234239463,-0.7870002182857574,-1.2471350575693498,-2.1894193852903188,-0.9232601105809756,0
-0.5935265689513947,-9.394583330999097,-0.22936395477741867,0.7170347807118339,-0.3150712954095356,0.6731694868400421,0.004695448719401974,0.7472022017511328,1.9691876025148458,-1.0936737639062706,1.17267250030541,2.7040396300527925,2.8166600038899356,9.185586802686885,-2.4953957386501466,3.9910054897738148,6.343853936747542,5.357564167019023,1.3540067149803248,1.3939485377896537,0
3.2293141930364473,-6.102169105452485,2.197174329683836,0.31125396746155654,-1.5680201152655957,0.552938301401475,-0.19701667352170477,-2.50423618402042,-2.303240936068339,2.6554788736015973,0.7522928123080078,1.3742228672803907,1.1828741716342672,-0.4797901791383285,2.469516812832924,3.05558493833292,-4.515725780124408,-0.7187690750312781,2.042127947781668,2.1386775340045157,0
7.270997980785144,1.7835594503415746,-3.076027773989144,2.234985557330426,-4.53784150017835,-2.1739817502638594,4.80711213302963,-2.1820109704040878,1.4169650607174997,4.283143225929153,-0.7081101282116513,3.6192136903296404,1.2973793610945652,7.45395970292643,0.09373970254575195,-4.005681853625059,-4.9606953848012285,0.7530854221671481,-3.589510314947418,1.625025537185004,0
-1.1179960348736797,-5.611841732833662,-5.368844244714364,3.2942116079797286,0.16468925899354855,1.0132008540127435,1.082569734193262,0.94910768249219,1.1013697664776163,-4.906683452869298,3.046869228037401,-0.2118070135051977,-0.06088528947267002,7.02193417619333,-1.5998673932399896,4.415896440885248,4.866700106572051,3.8338098288709683,-0.6828028862753011,0.016915678248917265,0
1.096699135943549,-1.9676514559810256,3.1989734625793984,-0.0038406284050198636,2.5379809868809624,2.2503733272563338,0.9689053561024981,-4.257866313319051,-0.382470277688578,8.339802501751537,-1.4649192377368325,2.9230255698896093,0.3453489791474116,-1.3212652568981218,6.261307726990165,2.538077484034975,-5.612970029901755,-2.073793083210231,1.4663285227803666,1.0163138285641895,0
-1.915418593356173,1.4332050163867716,5.130037905117059,0.44659375462803097,-1.9767861605985266,-2.037783369810629,4.802725966338408,-0.3106326244295312,0.2882701937512212,0.04199441327894996,1.1761126296025242,-4.222716637618298,-3.189085342514342,-1.7147355790984389,-3.5903467339989206,0.05552116399430048,-2.4238291116521755,-2.000715043672474,0.0707683266163599,2.3076790747017473,0
1.8775977785863656,6.60697453303191,-4.7084774609494975,-1.3372126472175978,2.1249431125683067,0.08586535058249756,-3.3736413967350956,0.964378837016041,-0.6747884795558932,-4.32943338135786,0.4919286930398751,-1.1928813060203496,-1.3406610948182407,-4.420215623919463,2.1765397600321914,-2.708502092941449,-1.2578945739955227,-0.2791362135410934,-4.068843272637373,-2.4127163851489835,0
3.321360893388323,7.720114890690293,-8.003362831588378,1.8310925563881546,-0.47228215018783004,-2.417273953000392,-0.12709974972167803,0.15948753707682917,0.33728674156295435,-1.9574035910409735,1.550664076959011,0.01625774600925589,-1.089191251059057,0.8234910320798245,-0.6229148655053933,-2.4390044810861102,-0.9055790308922369,-1.1553776473909216,-3.181086683387387,-3.0376192578289802,0
4.431223966561532,1.7551033943223688,-1.5402688088956573,0.33546912148286856,-5.112267969941543,-3.5060279432386956,0.08992793966407295,0.8445034937786329,-0.4486334835102974,-0.5709665781777381,-0.6306550408376875,1.0815931068747657,-0.813594785806049,3.732939094665491,-1.4045909822078506,-3.0185897324710447,-1.0622864360640565,2.426498731122195,-1.7018090789495375,1.4026964534888222,0
3.3194539093101048,2.197050410657995,-2.1334990093200026,0.42286734076799004,0.05640307234383287,-1.350834186687648,-0.3766890607016547,-1.91792100771733,-0.12662964425498502,2.47250587110047,0.15739380935278402,1.7121432578130684,-0.7734223484710978,0.8273444860047087,2.772203228838947,0.6051707986070094,-2.5018732625007636,0.42571421866673964,-1.1747396630169917,-0.690018012883632,0
-3.3864655467771487,4.322616204834455,1.129639118142944,1.8688491108856773,-5.933785659218426,-1.5807751561473253,5.877430303871791,4.0395125799542,2.3449487768615134,-0.30291464028289167,-3.6925785571593703,-1.2110933227336238,-0.2712802191373951,5.0870628732373255,-6.968131336486404,-8.265964201109337,3.396646960370669,-0.06240043569645759,-0.4694654074600382,1.730976506023382,0
-0.7654196968562864,9.006722605075211,-3.6117779362664266,-0.5802466972750262,3.5820637125966024,0.6576887778858468,-3.3273239090177382,0.5350889896786353,0.4922733903701948,2.834434397798423,-2.2981849410100437,1.6456183031025007,-3.6636036927641453,-1.5332999219036545,4.856208829922436,-2.6943613613343076,-1.522796012769196,-0.760430041950019,-2.3426927105131217,-1.3865930958024641,0
-2.24159305085045,0.7074196492809179,1.1219188334034433,0.12133785452505907,3.8211749538027315,1.3433335961452326,-1.2553364079612563,-0.9594258701600838,0.27115048243765394,4.760798049268492,0.8927550654848107,0.9797414524259483,-2.702797904632984,0.11961889593020433,1.6838560070411641,2.8113519548330976,-2.509437646843427,-2.866184920031598,1.5656978148712444,1.479140584765271,0
0.47335579314380766,-3.884610353673438,2.310039132024038,-1.7103332592775198,5.908370798160144,3.5340401566322512,-2.8698981720104877,-4.361535593429235,-0.9363958237119157,5.052354199108018,-0.689607570462477,2.596841071164961,1.1155939807704978,-4.388698245849253,8.947192368559481,5.622874592076887,-2.82009116578506,0.1890134281645166,1.2706599460468007,-1.227156560969517,0
-2.260354330189842,9.315219687649149,-0.785277787064011,-1.9373455021067825,1.1761524986748004,0.9138754030891927,2.274422745240054,3.1680199134468534,1.8036510606432108,-6.466749105967979,-0.9208688654612425,-4.648022453182873,0.6001427866401021,-5.912225152010493,-4.16892427302308,-8.717563593809937,0.8104160110530945,-2.848232307193318,-5.176194174395743,-2.332174639820132,0
-2.47334524111064,-3.787499363808443,1.2198736400927777,0.5204104875186779,1.1879411322046394,2.473260824868148,0.9217700626558621,-0.3064251421842805,0.9193771988498425,1.26365734571583,-1.9230787239301588,1.2078720052802507,0.5906804554686211,2.2221161779266887,2.7182118742139973,1.5899305259086738,2.480127837026337,2.7609429612200582,0.5610809364927376,0.4211777402801472,1
-0.6115061658982404,-8.711575360367629,-0.8335149033761117,-2.8005228009297607,5.984092235856001,1.533999457207293,-8.029604056212252,0.7859148517786134,-0.2033543993823559,-6.367238511347921,4.8966424381394384,0.21527046078787193,-1.52883102037092,2.123468466947986,1.984133863634265,9.504749389332716,4.955395907799031,6.524336651032413,-0.6136753731303108,0.9226236276794302,0
0.4351523136000193,7.249754321588559,1.8686273939271592,-2.956363730212039,4.417115366907432,1.4237629162386334,-1.2474025998036729,-1.6774128532129668,0.5534499660367538,3.4537253357506397,-2.549743159449651,0.3520793713461996,-1.5827238238887604,-6.085132270707151,5.834529550245057,-2.9320943349198605,-4.346544152655541,-1.478257002387481,-3.2586551148095477,-1.1574620810054657,0
1.412165941921478,-5.46286206806983,2.274910297797158,0.36204884253638847,-0.6191425384178268,-0.20298540453390734,-2.5291781480922153,-2.066521184866385,-2.685292513860377,3.311074423588375,0.6154893083447287,1.406481225861051,-2.2713658366120324,0.04960880564281284,4.324965573360102,5.7293251437637664,-3.219684328545182,1.0779819221361278,2.9835132792103343,2.6006469417700524,0
4.696301731153655,3.8180289207604634,-3.3611011420833354,1.6260380318071785,-3.4626343210887964,-1.8464847860057225,3.7895696082803574,-1.5659094647252356,0.521346632139317,0.03611546162540877,-1.6152465323861542,0.6424473654174876,0.5416904007039922,1.6304258338140731,2.060925939475023,-3.5334078012769004,-2.0669179578783403,2.0624861979683864,-3.8698411455848785,-1.4128052140837348,0
-0.9185771364466643,-0.36252672750829085,-0.9184835726349524,0.678997857234384,0.9975161805899223,2.9500626538714547,-1.189328742940615,0.11119568466993768,-1.056988136685459,2.3759929044901202,-1.5976626609100308,1.5436921876013536,0.1638366078704685,-0.8929741372482296,2.946868186086879,-0.9266891966364592,-2.1874005264234504,-2.116405536181241,1.0189488710886003,0.751719577415966,0
3.771988492589943,-4.620696995365427,1.8681056409919239,2.0802512493481515,-5.030967035700789,-3.1108446108039747,6.564880359934045,-2.3444133656087955,1.0271067784020904,0.5345983267362955,1.7912112354955276,-0.4007183096887872,1.5215317614014046,5.412389748479015,-3.482705648483876,1.5063090812154512,-1.0208546246580414,2.0015696761873287,-0.4667164128524408,1.6367391149577033,0
1.589294650100183,1.3590756813707592,-2.2568125597921096,2.2741099773778544,-3.0417685781063364,-1.8101484418352594,4.257202063177779,-0.5702249304730078,1.0689034819194922,0.6036633219726324,0.09352468142061587,0.2391801706179575,2.0629092071047186,2.8831386744566023,-3.090307662485622,-2.0162351753833985,0.553460186066504,-0.9061954673954524,-0.13514804323052831,-1.3753207187799164,0
-5.832687782547384,3.9998380610467144,-0.8776099107106268,7.292082326276825,-6.716320249321175,-0.18121650961801783,11.748225986502673,1.177287114579272,1.657326392469614,2.091859981066227,-4.463037383953816,-2.8634640388132646,-3.7628652361322317,5.209756058908524,-1.7170519444235155,-4.460066813505561,1.2073613319371113,-0.20207531081552288,0.1808178217050136,1.3513112156393898,0
-2.6615197882135826,7.358084368771247,-7.216184377917185,3.236902043224998,1.5884348547048879,-0.7855927165319194,-1.201741661656304,0.7833077867785065,1.1638551936676655,3.0022074932208436,-1.736756234724072,2.1302535906442333,-3.952230906352984,3.7884531413353413,2.99374698838472,0.17912082443942473,3.0752058836118286,0.7637531285955066,0.16057226550879466,-2.743237848801378,0
-2.1815894418385375,14.569947812313512,-6.173961005460289,2.0806331012141417,-1.7248666497844942,-2.684572850807706,2.6207079299936695,2.6532117647359357,1.794900804354136,-0.6073053631950323,-2.9707936023018533,-1.4795201948126242,-1.62117291114228,-1.1501984803487164,-2.9171775087327796,-8.37411715787545,2.612038957003253,-2.811507530123884,-2.1613982554595066,-4.6728518689523995,0
-3.232306838189527,2.9188304430090146,-6.5594758645465525,-1.1119056686534665,5.272239877232473,2.8943906007576055,-9.040461603341415,2.9182404624956226,-2.4120025079785457,-6.578761009726693,0.39627259479325305,-1.0461904556238983,-1.9011599114081492,-6.3364864123651055,4.465397461120802,1.7403976323528747,3.860694747387031,0.5656474581133453,-0.08061416084354978,-3.8264406984507615,0
4.874768074558333,4.786113082787274,-5.399718867658859,-1.17476284039688,-2.077719782581971,-1.7105373964122386,-7.8323465387087134,1.727636330092784,-3.4553181006850915,-0.8877309390623821,-1.4428708199184728,2.655994338815235,-1.367391283409432,-2.089879837783451,3.5624059579263743,-3.1745814745819554,-2.447985031153334,0.39492896869546246,-0.6086679303463778,-0.6620184851032472,0
-5.408686738067344,6.913155009282928,-1.7229823495749546,2.9184852087889923,1.9070068888918177,1.600259708488259,2.1772713594615065,0.22669166355940995,0.690186074036069,3.9293634166943487,-2.950375778458416,-0.7344344030196925,-5.562626360958375,-0.49003353505805836,4.1984997789932255,-0.847698335736713,-0.8145729007271563,-1.5604837812499044,-0.12014091880690214,-0.22841182929070825,0
0.29601517504775393,5.231563794499057,-1.5235098802757867,-2.9827449465784133,4.871353356146917,0.729969889880873,-1.6025759649689533,0.7430555025350853,1.9856273822867592,-3.0254814107312695,1.9897513892559568,-1.0954999310194253,1.883436496176777,-3.442495643911213,-2.5738006799075,-2.8857934348666894,0.40017736556375344,-2.587559953160606,-3.4592976121585672,-2.622443975899162,0
-1.5212937688708228,2.875098330214477,-1.30291843700739,0.8978453375063458,6.312297226454725,-1.0578201485871088,0.7198600181651791,-1.8587519620349755,4.964997931568888,9.199058093106574,3.3101609020593754,4.233549901040728,-2.1798775950747338,9.381935555508882,-2.6758074415194697,4.0447796733016155,0.21214578940067655,-2.581129048592967,0.6733484158717904,0.8717292104630118,0
-1.1644065611901513,7.41178012492413,0.5549131975316941,-5.105895068318141,3.7341951239164777,1.12325883597076,-5.753638775944012,5.458306652319674,2.4083117976440214,0.6790512379805913,-0.0010501117385396386,2.127255236792633,1.282739019106221,0.8853700150292911,-7.652725698617643,-9.283311840247638,-0.38365187145940505,-5.816552198313385,-1.7132905566288201,2.243881213992669,0
3.6538334270749404,3.743990007859225,-6.687647016529355,1.711505264490878,1.5313695105073906,-1.477812250182167,-3.243784658544054,-1.7350204234749942,-0.4776389481810537,4.18521909761593,1.353916175758696,3.8031541335087993,-1.6009486945267437,2.8421038002804155,3.2928407648675577,2.075138900590617,-2.5012420749848303,-1.1371024478024085,0.0678861140857121,-1.5324204587991959,0
1.5363190320530156,1.614605940963513,-1.2548589520064934,1.3950750732120811,-4.56214758797305,-1.2356948385389463,4.037303265513454,1.3257138910867883,-0.25548419657631305,-5.026647935960959,0.2787825956488459,-3.108882890970649,-0.006037864393084957,-0.051896616164349214,-3.3395548037722738,-4.056824236712938,-0.9077617161275945,0.16724467610578908,-2.814667798579169,0.5589563477400283,0
4.935215166384312,-2.5612505700662016,-13.821688439146948,5.385420833179226,2.701657951863844,4.6294260155314815,-1.9947958958161165,-2.374805404158696,-1.6209041973387606,-0.4807266878581374,2.540663047955409,4.260029796102169,0.3450930756148156,4.7851526705896985,8.207543422918075,3.7782372691333603,-4.1767257089638115,0.03412301424348796,-2.761516983104401,-1.3280813345150149,0
0.42452160331070177,3.8125262009935734,2.484920964059375,-0.3667778069995524,-1.3965104273214604,-1.4922613351366794,3.89264897529727,0.5663898960359284,2.833414366847723,3.9362679314423943,-0.7920492553084365,0.9130703221259784,0.03798034216508528,4.315545022721389,-4.687023071559393,-4.950815444599721,-1.7159384871055878,-2.0325713747543714,-1.4862850502585756,2.299999715413648,1
-3.1186709944891056,5.6269326901667025,-0.5978622778309934,-0.271438435032509,2.6754513596568015,0.44672011842030934,0.5980697749879196,2.023223147380964,2.2976783438736446,1.73437978788225,0.9895168614528949,-0.2769854440432383,-0.26423094454335727,0.8811841435871437,-5.4923498091379175,-3.595254878476995,0.10046409609201534,-5.486625057878324,0.05282558922568836,0.11069295894664233,0
-0.3705901765406722,6.141888905477564,-1.4358359853172955,-0.6057476218122448,-2.5274256414067238,-2.36837178342581,-1.2298902306938884,2.115869062676045,-0.9393098669883757,-2.5469289830397215,-1.934333671801881,-1.5421148370074822,0.07505466416835804,-3.997710181589905,-1.8042748096085104,-4.457307543281955,2.1080221729711033,-0.7546283543376203,0.2180586753846927,-2.788664693893902,0
5.904241864696454,-4.659790533259999,-0.8230340914431392,-0.2641992188140464,-3.5281138715773475,-0.8572875361826419,-2.2626175142812017,-0.6942809300260964,-3.7980140474226167,-3.283483103779042,2.7531877723892975,-0.4592388101870326,1.5885783589449125,-2.462593630072358,-0.2992576396793626,1.0103997337432982,-4.881421413344938,-1.149018732114772,0.3555504465045438,1.5642984482335502,1
-2.421246617864713,-0.5708823095963035,2.7439526210715375,-1.7834340652093252,2.280954520436013,1.4413129212899474,1.961623643148082,1.0846314824911734,2.1155929833142495,-3.8682327330829356,1.0053288961017928,-2.6985331162900583,0.7892940260602184,-0.9242129594541539,-3.001049492258205,-1.0492572687428738,2.037553857453858,0.5563547883160215,-2.472089251935615,0.3331590250145684,0
3.0403727662941686,-1.2579575244717363,-2.0235651148413076,2.159898730490399,-6.9656480810640105,-2.015750419287821,5.063443591031552,1.4663894039529781,-0.37631292838150576,-6.180630997939453,0.9664676404947776,-2.6661025094445012,2.5205120530235816,2.0340323297841425,-5.89793276407174,-4.177631709550577,0.3247613872403282,0.5187737451285366,-1.9472026469557893,0.36836636207668505,0
6.629792689050365,3.6776077455625127,0.1964328684862736,-2.5526002149488107,-2.1083740992603093,-2.4531399955770867,-4.211328880208012,-1.4988497796940636,-3.2121206401592524,-0.06597722193467193,-1.449886964533287,0.5736224646574446,-2.4479786899751605,-5.143743308055705,6.362184932483836,-1.5035566618489264,-6.034886912694551,2.2083964923521977,-2.8796114552987606,0.3766782781799447,0
-1.7325297596243723,2.3028649895667743,2.384212117502102,-0.1365818112018351,-0.14934661740262062,-0.6449791870117274,1.0947543737428416,0.5625761154437978,1.7770420684355943,5.796608515362158,-1.8018565589506337,2.156607571260122,-0.3111630362439569,3.429945090694103,-2.2324655625596455,-2.3331748140230317,0.0799479177033751,-1.8587127328619306,1.646434788336899,1.4837819314442895,0
1.5170183135273894,2.6710540624839774,1.7844432116931044,-2.5342009892644244,0.9743950006075301,-0.5619566541566868,-2.4467416987856727,-0.8872574383406995,-0.9658924187240441,0.07219577327640322,-1.5593505090569848,-0.22313041996206162,-1.023508521599326,-4.770582974191312,4.113048227875473,-0.5798218802401895,-1.588318713754745,1.4699659062774437,-1.4746594164908389,-0.9272344735492777,0
-7.895658820852583,-7.6739141718674135,3.435513833178309,-4.842546050207354,11.864497428606082,4.000812726093896,-10.365006090814738,0.4394507264857488,0.8759028298271797,-1.3257170846038528,1.7347865708778327,1.1592434678508008,-0.3176677773550248,-2.778120704377573,4.488835075753127,11.520432201696963,9.815078755413202,4.75641738643573,4.180408662877367,-2.4120367202682154,1
3.8377551649536694,-0.512877764515128,0.9783713329039936,-1.0510460490306985,1.6286476946440256,-1.0492920813625202,-1.0907628766660233,-3.238258570203736,0.4890536779074993,4.556924999209227,0.0031434481852936624,2.9079841845576158,-1.5921291618043876,2.172999418536536,5.248418682442872,3.0990001088012655,-3.0843861337796628,3.014912926145328,-1.6645713144230685,0.9363680768872411,0
4.262533379428489,1.0230818410768514,-1.5050335999043702,3.3648088675042462,-6.005841739543611,-2.697772046614368,6.266239750140004,-1.0072464193064465,0.07940637062773015,1.1954999426696868,1.1236105638275133,-0.4401677356262037,-0.34288950531634454,4.482456114699818,-3.531370844134053,-2.7827752613413566,-4.801563885129754,-1.809566625857801,-1.5129996824015253,2.2993411509560056,0
-4.9179235433886435,5.521469246187729,-4.826989037885105,1.3171718112416921,1.8430990564318968,2.1418872988056767,1.5603559006475225,3.803919123410351,1.831619441810887,-5.2986656433710095,0.441924163667907,-2.809395621858021,1.1825338928537779,-1.098100518918135,-5.438207443242352,-4.961673617723112,4.182998116012,-3.7459168384156962,-1.3675447960059353,-2.7772136535526295,0
2.0051361225786555,9.59696139241856,-3.39710661526537,-2.016148124765297,3.015334148239846,-2.0222130423437417,-2.0204386986345564,-0.7882319848758088,-0.2858260732548238,-3.281969195696769,1.4950739395327584,-2.6160822558186148,-0.17487958879514398,-8.447503078228136,0.592532902974184,-2.0490130343277717,-1.2172154923137517,-2.8024162594245596,-3.033429060162855,-5.443131838457043,0
-2.1905944608512202,5.756616415288045,2.492071419798104,-1.492545702597531,2.6626875859064763,-0.6185632833217056,2.263955381240545,-0.041240037361749415,2.904870535822708,2.1581691739524484,-0.5910493683854836,-0.9142962624640342,-0.9477438623938813,-0.6859839952978113,-1.9011588100773236,-2.4929092451735473,0.34899256287364555,-1.5020956169986284,-1.781728146597779,-0.6738191983001098,0
0.7508935443412644,-5.817450819888925,1.5775201374745127,0.5459103047666944,-0.6226354693169914,2.4013135015794336,-0.10363901815825298,-2.0212470981174935,-2.899428191612548,-1.5149236813329336,-0.7859171133543151,-1.0715711783283628,-0.4234960808211776,-3.9296096226180186,6.452681038375476,3.6420247899536364,-2.4984650654740466,2.3494935873181007,0.29692722239283964,0.774794038882161,0
-3.7323540043613175,-2.2428919283055997,4.463414102802924,-0.8652747140260721,0.06759984156029349,0.29243779392678637,3.7746475145353955,1.1458275353832152,1.8493003615507977,-4.402415295875779,0.5656015881427888,-3.9608982808436384,0.16527942904323822,-0.5169292083036952,-3.8887400275133808,0.1397582629757985,3.735871321389473,1.9447204984536572,-1.076990649399963,0.570940454363674,0
9.105644558376454,1.8027382869605078,-4.50626840611223,2.252554057812508,-2.378921269869208,-1.2404139241025045,1.5182550067031688,-3.7212773816087896,-1.1067989394409803,4.833366770558603,1.340640980920988,3.4565303371681733,-1.523406057667265,3.978939127644337,4.424415976061663,-0.7176895160123329,-10.300451767589298,-1.1967100221061409,-3.7110488572454288,2.5527825561087267,0
5.92254102663237,-13.101512491156292,5.134836428397806,-0.021660438649179437,-6.672998238325892,-2.7505113056106145,2.5320556505807925,-1.054842509548924,-0.7378986844341648,-0.06934064965606895,3.7557436206539605,1.394066984448462,4.1154485878545035,7.553221340431544,-6.903026744995683,3.0133745319467065,-1.81519036985419,1.72345342903136,2.4392655362273374,5.597168488635423,0
4.813493392565446,-2.8991879285616444,8.007785793540354,2.2390077015829606,-10.64116182845995,-4.396657480025709,10.602534762419905,-3.5304027152084636,-1.0976072517994893,4.060781543695034,-2.2834489689638717,-1.9874635822424302,-0.3638722298077792,1.296002975516455,-1.1316826175091772,-2.27334442938212,-6.807147263171724,1.0034128673727365,0.026855803474925777,4.301686566313934,0
-2.5438187315098806,-4.542331327950486,3.1181604947894086,3.012422188765465,0.24782415972696528,0.14434703244936065,7.298880931645774,-3.620141007409387,1.2456815071283487,1.8037573014967985,1.528612089820304,-2.453275446822419,-0.5326095392548049,0.9069973857589626,0.3891676625267344,5.908866534112514,0.29319466830868524,0.44783391251765914,1.4130354072311582,-0.20487135061028838,0
-8.869315334627368,1.2241098283133927,-0.9170381295683903,0.9679492887873069,5.46499782120949,4.307104958290495,-4.418033757210521,1.1248314007748113,-2.153579490115634,0.43025610323556984,-1.9127858129841537,-1.572762915859101,-3.134559936281568,-7.29212991917229,5.5744188141022635,4.054257576506272,3.1419483832194253,-2.441964091860604,4.739174782280343,-2.7080444210004124,0
9.280039495738603,-0.42390223531441296,-2.0397212830874216,-3.1865872558956454,0.8915664570793431,-1.6420630057777832,-7.182970851550129,-2.9685042883327286,-2.92843444316906,0.5794788379757904,1.2837669938495138,3.3520860570495095,-0.23129138096395185,-2.641915476177656,7.267297387757815,2.372905800800409,-5.963269231358414,2.760997910663459,-2.663747685091943,-0.09622741998469464,0
1.3018814264105376,4.822446506347305,-0.7890142659132,-1.5710273688802787,2.165068996586182,-0.8591119753525149,-1.3972968317907877,-0.08257792518071927,1.7702397203902387,2.4038100800895874,-0.5583087370156161,1.8858779953083906,-1.0641087333387274,1.596578897754379,0.8297394887463205,-1.9465909888884563,-0.6680199703934667,0.47237816628248797,-2.4327335549563442,-0.2242420537349008,1
-1.3915739073803797,6.073723640270079,0.772110258309303,-2.9654438821110856,1.8626777320501986,0.9679468263775379,-3.9189724004132014,2.425633277910255,0.6988733004502001,2.0076955783386747,-3.85277106355546,1.9144991470496309,-0.9430312571063806,-1.4135780096546928,1.667419222123285,-5.5486279405547565,0.371940456235017,-0.11003206497849205,-1.3211648157210878,0.1947969840765844,0
-2.916033156581538,-0.4591997939889217,1.4234956899883693,0.6810498032173242,2.0162342906640087,0.9217453396102676,0.06465999041894843,-0.39609148986342435,0.6998548177663968,4.009606175106713,-0.31072147210471823,0.9745436456471009,-1.912779009303918,1.742422321243117,0.9591548148784673,2.2354562483425227,0.03169142356412454,-0.8746023441086873,1.9077398798643141,1.1947286970642044,0
3.79292097366312,6.107835600750759,-4.568212547121677,4.015039723952173,-4.027346573463139,-3.2160648196614083,5.053261010569123,-2.1844312808553816,0.8344451577658883,4.198624671477162,-1.5535871584057919,1.5170348899684842,-2.7002220278227687,4.800020840327296,2.4269749155796365,-2.129556778312221,-3.270534267565924,1.003665600971024,-2.560548959093032,-0.5082968615665993,0
4.074796304669249,-4.781694503759726,1.0721370581759613,0.4592037004955192,-3.109706173968986,-0.657823611234305,0.9191244322540371,-1.4545217852390269,-0.6212149117552164,2.134281586267013,-0.16953747689415088,2.3461021828350637,1.220102578870974,3.9106794653447468,1.0014524337260666,0.7355702413410362,-2.4633019005553876,2.003517217802305,0.06825692507354764,2.481527918845786,0
-0.11499467075155614,-0.9954065695987808,-4.651797691253175,2.281844179787738,-0.025675799069154827,0.13046181290092362,-2.8334676209541727,0.6880092406594167,-0.9835702570183582,0.3973330113885233,0.6455695919755557,1.8560339232462226,-2.6787148825304037,4.019645820128132,2.198650223768623,2.8874970323004816,0.7213708719990461,1.5197253830039008,1.003753962235506,0.7300490178778016,0
-0.8680817569255076,-0.8464889111966247,7.258736913761403,1.8227015859113362,-5.214345679977464,-1.057428404903781,9.70374912593097,-2.2821806311022996,0.39639811949237047,3.0783522156019743,-2.552960778171331,-3.082738757478392,-0.523012559141985,-1.124931603935175,-0.7773969346988836,-1.9898292090434562,-3.49014565528452,-0.6541105003951919,0.19347982128466867,2.2827107260151625,0
0.3631421771185941,-0.08175294323345274,-2.5826057057134633,0.7392370409109488,2.128226973240834,-0.6087705850371242,-1.3661472802713255,-0.02851266478419956,1.9957783860837566,2.480870892965742,1.5058760027450826,2.815241993603711,-2.3301636930751677,7.26914707370447,0.21581278777295898,2.6337586427522517,1.0687436134560722,2.206231893315173,-0.923764822746293,1.4287734992925527,0
-3.477831342855283,2.063918925141846,-3.362145307057484,0.5098090757613756,9.657041948243219,0.9228502386161901,-4.721827866435765,-3.4864310806957954,0.9399583596707732,5.1990129828840335,2.137931552162487,2.0869943900936017,-3.909587771681416,-1.0807354889031286,7.414812944362486,10.10972089330946,2.0935486675356074,0.3167520714979216,2.1497425341763354,-4.058341704021929,0
6.131172239050867,-2.057902456622841,-7.176181599718135,3.216505873861953,-2.112941910113899,0.8673927286346435,-0.6287253058222384,-1.8508255841116545,-2.384513024724897,0.10168766866876688,1.3501183554876337,2.6040305918969437,0.5150459276682786,2.5931456567815525,4.213734873749139,0.9668147187424055,-5.205651343732798,-0.22697733555099275,-1.4062543846289763,0.431181692215063,0
2.057869195641507,7.68807186327347,-4.2345917696032265,3.3222984401473767,-5.5831387189530295,-2.034282629435181,6.110590462308129,0.9588003022412468,1.8033161190892768,1.2345788302080387,-3.6171516772714245,0.6616884091826987,-1.1959617008539625,5.258258180401463,-0.8214782809623173,-7.943863859734828,-1.1124820646374178,1.0118812130719634,-4.064658971528703,0.06090268354276529,0
-0.036813169502374385,4.924959417363149,-1.8502927183968747,-0.3012303345465843,-2.1793407446967246,-0.47847801909832965,-4.527626022452252,2.319564101671272,-3.320334148499232,-0.7576357472954693,-2.4220762251601453,-0.32014280409753093,-2.6091944402426757,-4.695321360561902,2.2149041531749103,-3.461181871997108,-1.9604587543156495,-1.6865008865435316,1.0289933656047925,-0.005653069359909835,0
-1.883766442381868,-2.221715495171054,-0.21898136934596205,3.7366586361911422,-6.050105965880107,-0.3825937944606872,6.876734881190145,1.7101540587201067,0.44232913808155505,-3.1294419623416996,-0.8589309966758778,-2.576559360026156,0.8699364452271343,3.6175627922036306,-4.887103697525879,-2.759178017468678,2.2348025479113036,0.5046850527519757,0.339353185716162,1.1803372871774869,0
-0.3443928354774296,-3.4346910383725673,-2.155551335408453,2.4328614938838795,2.2643051708584805,2.6248388434580328,1.424073403037391,-2.287303936684728,0.4506818297533215,2.469911422749011,0.2939224611725475,1.7068486100900544,-0.692142107933339,3.086628322048875,4.754913999861237,4.107679927585986,-0.9546073898096883,1.3460876942492628,-0.23899468600842533,0.3541015516564672,0
1.0765125967245301,-4.000752756527363,1.7736646115492338,-4.600437333108774,2.6565755810513823,1.040114326890428,-13.413652837025307,0.15600303528104553,-6.5407910589394005,-2.8113246998103625,-0.6332765457073425,0.38816046048278285,-2.6511691858905886,-10.52265136865083,9.644720485008923,6.109521431774098,-1.11393418146918,3.0459632709676576,3.218277753231728,-0.3610882360167659,0
-0.8799626027139099,1.73412022262047,5.557446591832516,-1.1232861383963313,-0.3320480092677985,-0.04127369883011178,1.9902696930432355,-1.9170616908848466,-0.23374112416804982,2.785039684678483,-3.930346262876866,-1.105204134430322,-3.768131318720066,-3.2815691180498003,6.613001435634277,0.06454570223639602,-2.376569729763657,3.566780970828815,-1.7096138195969386,1.260678746339181,0
-6.659916132167825,-0.45488680517185975,2.739401681569134,-0.3645389893513802,1.3670273530369152,3.088874347684202,3.1784833634994922,3.3360638652903494,1.5150776342477252,-5.6252024187870955,0.34062552889275666,-4.7657851895069,0.9627527532888427,-2.6033786038383413,-5.785802664826089,-2.8556639860065185,3.5712087232110377,-2.3598217956204075,-0.36810736946046585,0.4108588188914839,0
6.805203663086084,7.09391067034481,-6.372734478596985,-2.086241240802385,-2.42733053769031,-3.4939432163077733,-5.82582533095527,2.3214790306564783,-1.4350373135135583,-3.8547177095097283,0.6255680995345954,1.5566315227628125,0.993061663270381,-0.9690705899191026,-1.9080059795528268,-5.988214402980668,-1.34948506976297,-0.3672394192808832,-3.178495117424857,-1.870580033914667,0
-5.187832225056988,-5.665724648029179,5.566748184180786,3.4072035813611774,-5.5729870629968685,1.7896640446211936,11.672902587795983,0.6671652784569835,0.9106492153955095,-5.007830032857361,-1.5362191980587463,-6.36521416987289,1.1501994462770457,-0.133370054385475,-4.310802349363743,-1.7228738820430571,2.311128412336767,1.1818019898751584,-0.1745898650419585,1.904224511738594,0
-5.7780108232619884,0.3789387805026761,6.341899463949917,1.0603790413362169,-0.4478695855942889,-0.1020857457929889,7.212390277975296,-0.629374895103151,3.437189017473679,4.750927083487187,-3.2558684624962524,-1.0203170268410169,-1.03720813924147,2.868479825400672,-1.4083393722657205,-0.48493395099595166,3.1819571962336965,1.2533853614973516,1.1792245723081933,0.8571162235507257,0
2.354034787988221,-0.07420756430216655,2.9522532848062,-0.18121388777951752,-5.523395500499336,-2.5999425451791964,3.536354816998769,0.16291468783143137,-0.006424260705472751,-0.8446559627042247,-1.873133160887119,-0.9437602636702367,0.6611111202752782,0.9540649133410997,-1.8807113129177413,-3.4344518818210616,-0.4159312769023848,2.3403681969163976,-1.197332635499435,1.2321467917007474,0
-4.769236597286972,4.353581168765865,9.074127925051144,1.4657329194161703,-5.864139621348318,-2.190453961252474,12.061168510123355,0.9841988900623352,3.3786790982162556,4.488903620996428,-3.7009949897300043,-3.6119952551574825,-1.0611155814658864,2.174597132489457,-7.921111464785677,-7.482906968089956,-0.8145164331808104,-3.1610421129109882,0.32816941307048,3.4327097881327626,0
-0.3926335964811895,1.050044307983216,-0.7636657943121408,2.266585237411584,-0.9311761942507207,1.2645819832377567,5.604188718631923,-1.1790665351449512,0.8118237725004775,-0.9406882856099867,-0.8766350249268173,-1.9142627449007334,-0.48508256340605804,-0.13928507154902825,1.612541239850437,-1.3271315624215105,-1.5014430407898802,0.39245557773685813,-2.7044808481832154,-0.2495475990774252,0
-1.3079611859087625,5.925238534364599,0.293082916029503,-0.6211560393281331,3.088339437499289,1.77503314148838,-2.588742009083341,-1.0214975445410066,-0.9656939650222515,5.615132528073333,-3.4365803923422873,1.5499312004028694,-3.860767817638074,-4.014243891824008,7.526164146695795,-1.0492098089197446,-4.183302078273438,-1.588521224414413,-0.28326625598460864,0.057982475450535365,0
-2.541739280093398,4.024726598154455,-2.153201814413839,0.9464221392531327,1.5543933591955366,2.4172847792576384,2.1800172005765646,0.9749650611582601,1.4385856912066395,-0.5715938828996396,-1.8310076442209415,-0.6278749443648113,0.03883209078612304,-0.551014083453881,0.6964476386706641,-3.625643749358229,0.6588298848808752,-1.133185375588829,-2.1272245086362807,-1.2107633241173756,0
0.14095714028495834,8.488328939046799,-8.812099169523258,2.199018143750426,-3.0893901928398955,-3.2206249402414064,-2.1592588499584,3.5655243007265502,-0.13607960681628195,-2.0402637212949806,-0.7955299651655503,0.9849449590393375,0.9948676033935464,1.5783626689162975,-4.769456255927078,-5.420135428462894,4.53352847717451,-2.3090769432959304,1.1439637034222478,-4.448863047998893,0
5.234077324144071,-3.220604076571474,0.4267615330350479,1.53610945493924,-4.154969478466485,-0.5902563536087846,5.96293116763667,-2.2622520715544647,1.0572498595587816,0.6253616771202848,-0.35733989286861356,0.9752056384748784,1.5233342985529141,5.237006157228163,0.6715559765096046,-1.553071083846906,-3.4016438019490485,3.099467144840102,-3.703461257660218,2.3434718777687222,0
-5.102658202778506,1.0713934073036173,0.8717131180712885,3.773137703457034,-2.370054316079422,1.7750675932982127,8.60971722370202,0.8499651826646486,2.9035654989195914,1.623210001250185,-3.618445780482801,-1.1823593010203983,-0.6106470408773499,4.691331072060776,-1.310148729981304,-3.552421046002408,2.511951689321621,0.8048693193457562,-0.8060833181359467,0.931791191795753,0
1.414960243203446,2.101984479800133,-11.744852128910802,6.050906492109393,-0.5615423887555191,-1.512899171753212,-1.1301036889048273,0.44335272071694465,0.26309418282505825,1.2544430311219603,2.9233155194643796,3.1608291303031892,-4.264513049331354,10.237768759387775,0.6207004547055923,3.5852449700061015,0.6528971461173017,0.7880749498915587,-0.08995893991816062,-0.04114842541943997,0
6.550122826945811,-5.3607849223284125,-1.6532918768604417,1.9869529890282418,-1.9708827692796762,0.8527834798009433,0.5513819350377033,-3.6361726642709744,-2.002801657781978,3.4526102139175845,0.7589123749375446,3.1719874422919316,-0.739286640665988,3.640446235320163,6.259020068858926,3.1013781182205205,-7.405165219638249,1.6825150777996218,-1.3968601688535658,3.3667161312211022,0
-2.4412663878338416,1.5714344840903391,1.7520947098907589,-3.0690312650971716,4.665894547206631,3.4779919031344813,-5.651070778106299,0.4419259251160341,-1.4044268086608076,1.713575009362857,-2.6455180846336077,1.0911072903740282,-0.07208325986617081,-6.580292763065328,5.372469929634099,-0.5808640698484543,-0.7554566857610103,-1.4581535427459156,1.076706904064312,-0.9159916909312444,0
-5.365134213335669,-14.916801679256833,10.381613238028017,-0.22866561315925638,0.6347106758295318,1.2562939445535226,3.9916943144184525,-0.19116671295293186,2.2020414987152224,2.63059107725663,4.127718092990735,-0.6098943782825077,3.089714808114533,6.4721157512462515,-9.307730503506463,7.250602543167712,3.555321714426611,-1.438539116025893,6.660600990667485,5.408972648662274,0
-1.5039654442641344,-4.1498951996037645,-0.20408003744792363,-1.6071838456397693,2.2632153211106285,0.8744354055474111,-4.856742413294977,0.8394150603152688,-1.2295396929683626,-3.9071451633758643,1.09974159182731,-0.4086221506152381,0.9963306636064251,-2.4587264421187345,1.0114590819810838,4.016435936312637,4.284529318813314,2.35156220879381,1.8166535467856657,-1.6575011987440442,1
3.07792819846851,2.643154615275896,3.2784465500660476,-4.17859555116169,0.8541946765371088,-1.3677763196176655,-5.131331003036631,-1.3430160642263669,-1.8609264074279892,2.6582738831847816,-2.3481351379055733,1.6069997116063321,0.08088351580668673,-6.122637136951889,4.84582676429767,-0.8259185602773048,-2.541311161254301,0.7345996215314974,0.18125650247293046,-1.0528283678387251,0
2.4020392103885913,1.2825814095498222,-0.5858609457117627,-4.028540886550971,4.651402101857612,0.3335836535422545,-6.484279599852268,-1.0763951800627078,-0.41811222375376844,-1.083083198439816,-0.29114429285435317,1.6358082734801322,0.16068521213153364,-4.003047966717326,5.859815714677821,1.881003031352518,0.6644585901594116,3.4621575662610855,-2.213538549091556,-2.4916148263657316,0
2.4271342078987956,-6.094920232271951,-2.995510276534913,0.07334533881649674,0.8116577252067338,1.4041891965534705,-6.2880980316193575,-0.3672446721517032,-3.5627655785013075,-3.1569189110255995,1.9309778290720485,0.9824698136214421,-1.8270234150239633,-0.6468326473260264,5.679843517311082,5.902433067485215,-1.256211852332249,3.2996297909859305,0.5062232948912533,1.1916199523217315,0
-1.0833390615388747,2.986008954227196,0.452179726313818,0.8566215316583656,0.28930829047711437,0.17851711662877912,2.0652922839640615,-0.7128856658882015,-0.16343101781077518,0.5217856339136014,-0.4264700905227058,-1.828659225453705,-2.5297828785466296,-2.3069964914542984,1.6917561030379304,-0.29770193580692583,-2.2735288702222216,-1.081654856286323,-1.0306368330444418,0.10354912414179007,0
-0.6903760206021724,-1.4818461478544385,0.10541446524063512,-1.282680646726512,-2.0911603048032963,-1.2388826597385902,-6.00943554561279,2.2956949659199144,-3.7974405221736167,-4.847002570524056,-0.4235611358691097,-1.6897059636029323,-1.6938209003796447,-4.781005805378967,1.2015129313894843,1.6264197519921437,2.3403759573803367,2.1414650089547513,2.5063449345047935,-0.4467614184807396,0
-4.023240598460876,-0.34196452268958605,0.7501791713366676,0.9250524632786365,1.2133415186332055,1.726344583044825,6.590784041022416,0.18095718815237616,3.4303369289012,-3.757983482110462,-0.4565652822082663,-3.026421005347949,2.7195440874363737,0.37457499921268383,-2.8565241815156113,-1.3104310413828664,5.24811513869052,1.426030753383616,-2.1758540661635903,-2.553367581712211,0
1.4358036218122558,2.8544357596026075,-0.6864351187192357,-2.822376038933723,2.3969451336435292,1.546599612821272,-3.255297403821216,1.164632447081865,-1.3388655289643419,-4.776147805508302,1.6715929154756257,-2.238448693843868,0.5787510337531356,-6.713035970243148,-0.40672438984835163,-2.8203515868906748,-3.1621188138320875,-3.0820438201983547,-2.734786814448432,-0.4698684188952751,1
-3.122214932055592,3.176667232184479,-1.863618503008544,1.8181916337965363,4.137508718959216,4.70111841292953,-0.7045942597782415,-0.6753547879359074,0.14644075332352635,7.677805857022841,-2.881437440329832,3.262975941953858,-2.4627582863503745,0.582547498158932,6.134288863427695,-0.8789583847346292,-4.139415225073918,-3.9051075672887867,0.8339740399684685,1.3021374463867508,0
1.6437319316979662,3.7000602813431187,-7.174400057410421,-1.3828460949874302,0.37020248298173325,0.582777206830047,-5.7165209885426025,4.863579468396015,0.6676091837896574,-5.690911893667576,-0.04470458049293091,2.025795390423363,1.0977342099739058,3.5693948056835842,-2.583929371679168,-5.685973153032462,3.44167329147147,1.6779359684797193,-3.540957530022436,-0.559377466186253,0
-0.7918068984585559,5.610753898932512,-0.004215417806250328,2.3908469555149336,-3.641467856688675,0.7156629589549885,6.025031175908813,0.5305240251348229,0.5350727130066579,1.5024192321324774,-4.038714162556266,-1.309983180677529,-2.2690310180417477,0.26573954421588336,1.3973154450273284,-6.583356631031251,-3.4444648864850036,-0.8419688729953798,-2.9617457153168854,1.5267038249518632,0
-2.357271615336348,2.687801255177739,1.6218828582802616,0.7504411409876733,0.9492319956356395,-0.2651852431195658,1.8642199882535313,0.8883669265695924,2.566430980927233,6.503148765743919,0.19444366238785382,1.9731246024441988,-1.8593940173500236,5.8862666950230915,-4.2450696204015665,-1.7878565493383825,-1.4958641239644432,-3.8381204450070094,1.2256930946285567,3.253481953521521,0
-0.06431379142818507,4.759290060452331,-9.776852509877022,-0.35402884739001195,2.0024317060857433,0.8276477613426532,-13.107955496449224,4.116555967863096,-4.087318549144006,-4.331274813404076,-1.3677805622958228,2.3362059848246264,-5.332549916835412,-1.9257946891667064,7.428389021510897,0.6742292788975753,2.217980449767079,3.3039473352153754,-0.2028362338830455,-1.5640457133573749,0
-3.2744256180998605,0.5770512032474886,4.607903323786896,2.7010036430773083,-5.156475700250186,-1.3402469087134703,6.353750821986878,-0.09450827822559327,1.0341818905391684,6.952988973877234,-4.722152834691214,0.8095275989461507,-0.8415956561474542,3.877787404657404,-1.3515166781319417,-2.7290559459187813,0.5897418003047843,-0.3717792603057266,3.3960905292681876,1.991933359237581,0
7.871142946662972,0.6668271159664653,2.329838114834125,-1.6780793044164564,-4.485506343490505,-2.6181961756236563,0.2468630194956167,-3.050158522047196,-3.0080601142085044,0.9881234967266347,-1.0991214274689276,0.15227514155684918,1.3484722143287289,-5.266465775904335,3.5660511607427727,-2.217942862017307,-7.167298999012692,0.05772802137768551,-1.604962773745032,0.1932441510455638,0
-1.891679237159129,-8.242546786680439,0.32268254212752745,-1.0217483003641217,4.980546728738542,2.997320055226922,-3.464889038893238,-0.028877959141743625,0.3471306424677335,-2.5257310678720564,3.6799137834845568,0.4334756780068115,0.8418422333774103,1.8555890749825925,0.1732982343061735,6.814782102013674,2.790226437771738,1.7550075928120328,1.1060986281215461,1.0035747193315283,1
3.6138323072681438,2.263325835880552,-6.9067081089854705,2.1909095208138636,0.4703109086909648,0.3850062017452859,-0.7037378156652557,-0.6192726634603866,-1.821713476531707,-3.441380001518411,3.9741754178446733,-1.289669409655772,-1.3459962673945203,-1.5204828782264848,0.6128385517059698,0.5984988398281598,-5.035846402473439,-3.3033681662502534,-2.504719578188819,-0.5099586455461598,0
1.1063687814781527,0.9686190529279848,-2.036992800165584,1.8177292926114887,1.0963329579057683,0.16133364556444008,0.5062418579109651,-2.121359581553483,-0.016302277718880154,3.91490015985394,0.18664596898124786,1.673955024152244,-2.362729443220862,2.0053641677799416,3.9416513346905986,2.3597454488761618,-2.9355004498477806,-0.07262085733068058,-0.3613671700495673,0.4547006019156896,0
3.2970246526441476,6.253926299629866,-4.696551787678592,0.12274282920793678,-0.9806070255127745,-2.686822935927111,-1.4789692212799153,1.215591726183237,1.253619711513354,0.7148276366420961,0.09296702761204212,2.21146023393386,-1.673901934169567,4.636340148326412,-1.236476727098166,-3.536569174666089,-0.5655326086494661,0.775561242972747,-2.9918592365889745,0.03166143388453435,0
-0.33866407100067564,4.919945903325838,-0.8878178814506451,0.18894661516977185,0.8898249942644004,1.6513414776118656,2.3893848533892936,0.17870030888388766,2.9478001769776374,4.763722997044588,-4.294651390260035,3.1919060826592824,0.058948801232779235,4.151625446311028,2.523801156168115,-5.524451685978454,-0.42177937989557407,0.9762225212948515,-3.1236882829532604,0.3915072957622373,0
3.993817393605706,4.4701692507523605,-6.323599676071334,-2.391834524073957,2.373332654905304,0.8321442008620543,-6.716033929114464,1.9580445667454862,-0.5967092199622043,-3.5493039706134835,0.45705838279077704,2.191542439194067,1.0110016918478473,-1.1016344207676103,1.5981293999832542,-3.7983026106962496,-0.7838942497778029,0.15363480000728313,-3.8159584798098765,-1.567872600353906,0
-0.2059177870934963,-6.469240409801874,3.6826901854758898,-0.5492292244271171,-2.0188933365490844,-0.7690976240223864,-2.013417717126777,-0.07441538041110085,-1.4857394241361512,0.7420363993375484,-0.5877014070860969,0.8979927868996427,-0.7006573712144573,1.6347385661331866,1.2905066133270486,3.889059429217009,1.5284456318132225,3.6466032171306537,2.9675797856469335,2.249799673092312,0
-2.190588588329869,-0.5733587903508471,-1.7463975293229872,0.7183798882544579,1.2273503234340797,3.2564639504913515,1.3450722624167737,2.72133337015924,2.0650606077761475,-0.6513151338781035,0.5809695338229812,0.8379924221321193,1.9817093433164024,4.461107168702011,-4.77928395315177,-3.8899338810449726,0.6304800985923441,-3.016415540394064,-0.9025079969588273,2.016536120908644,0
2.6089146457324666,2.0395561355793705,-2.810526363412222,1.5716486043873341,-0.929706672221495,-3.459580639558496,-1.1801854015889865,-1.0129515806212805,-0.5304714942301931,2.9940913925721557,2.7238435098600284,1.3493634646242607,-2.483427371783648,3.087994353843314,-1.3239490769406446,2.5973761544683156,-2.245457580875837,-1.6807226950857395,1.3581605281998534,0.4334003717546442,0
-3.5137616669095917,-1.2517266301549876,2.5040191374393106,-0.729301245470297,4.234105550818208,3.2958096209592194,-1.83904204049421,-1.4794586754273225,-0.5704219776693602,3.805333549394574,-2.168769016248172,0.9375571636318498,-0.7293535051491031,-3.7459956264179155,6.008387517832733,2.918326190845849,-0.24299229281272547,-0.38359751386436813,2.1178753842378786,-0.6160073918825801,0
2.474536512953794,-1.455120306781779,3.722533067347334,-1.7886022564408224,0.42754594858034456,-1.3120987540102869,1.472364289718064,-2.2558653815594765,0.10738465207149206,-1.1122310849913732,1.886777307672431,-1.9098761511252569,-0.4121518310144361,-2.3360904458290905,0.49313897715790384,2.1302579907544192,-2.525407688716365,1.2803456390896761,-2.03567295694648,0.6668179546245145,0
3.578935338727562,-3.790901170993087,-1.2860837460557668,3.012236658935368,-4.1178564829839015,-1.6887113902732862,2.7824730012406214,-1.904300860911675,-0.7088774497512207,2.681118000558454,0.8719925306770294,1.773101102215164,0.0026873984801487616,5.31220581475911,0.12359032100372046,2.0754780972761524,-2.498328321665615,0.8565291017170549,1.0116008810466075,1.8832918683217699,0
-3.743777515486241,5.4362195882731745,2.474147217402296,-0.3786067530557189,3.4007526776209365,-0.4013423984446556,2.9350263353315156,-0.260898808028284,4.375519498868866,7.786495597457639,-1.1840720343568303,2.0754390902005433,0.16259741169231967,3.629806932315967,-3.5469771149790787,-2.254984114230841,1.3711907424634187,-3.593728106341781,1.0745606040942464,-0.3712991039426463,0
-1.4060348090166053,2.670876101874653,2.716621501309751,2.0072059829089666,2.150180294325735,-1.6192381990611238,6.197556733684994,-3.825665098114361,4.5346408682911346,12.609028232131767,-0.5613514561954607,3.775446208997409,-0.3698443840140624,7.195830162416608,-1.1568815876239766,1.6551295607223997,-1.1560800875368378,-2.775927599029719,2.0417193181768045,0.3513195038919068,0
5.477210178893412,2.3760260216497775,-1.9962519837911157,-0.6609851517062768,-0.20412048914861192,-0.7672267506618601,3.1177483538710904,-2.7819349965930886,2.380115578440116,2.797320012160943,-1.3007683129671053,3.2413097335211605,6.034207998332868,1.525874961979715,0.35465492839473145,-3.977752187976036,-0.7017976523132886,0.08908901486841003,-2.869610721445638,-3.4669907874841868,0
3.9211883244689263,-1.6266273689356834,6.274986608175007,-3.6358054840377436,-3.1727239376693683,-4.325216659709228,-3.678663929215508,-0.4536701224257903,-1.9381578454471966,1.165039032921542,-0.24459392625367316,0.3422149191707621,-2.6954197946494927,-0.9385954146142844,0.8682145277754192,1.4199691140338204,-2.475030222381163,3.6229650158007103,0.4678046557602711,3.3319965822475006,0
1.6406436226729628,2.613482659024806,-4.130974450694908,0.5806132343664914,4.101805495340125,-0.5391019878617227,-4.971813291885629,-1.3875226345148062,-0.31865131537792,4.759433879381722,2.3158680835915892,3.2798346748024088,-4.672180475447364,3.003801115074882,4.155691135334674,4.52315430330261,-3.353488700371038,-0.7386259459978157,0.01978845736898749,0.9620471886733518,0
0.8081514218991726,-12.341933692103408,2.6571347351327415,1.866821562947843,-1.761872306000309,0.9480826207465419,1.5513928470599911,-2.0564946309074164,-0.07338948431525094,3.602492353417592,1.0427563924969694,3.210389263245969,2.298283219091875,7.481757426158241,0.2711509264729152,6.379814660201225,0.9492926745531927,2.9279094755878763,3.873913750338933,3.280384609770455,0
6.584157180421661,-3.114138994028274,-9.153165106104813,-0.5515233027528788,-0.4235513351963095,-2.1135774523487005,-11.353978309556302,2.6255984519786946,-3.166145476926637,-6.444010234417426,5.036991318262686,2.980073531989307,-2.8934425850998187,5.380022475901603,0.9623157075160534,4.267853168270272,0.17791651173701858,4.617408394423961,-1.5686869041631528,1.851160034755098,0
3.507988893417712,-6.933845124898162,-0.05243308580114645,-1.0767361374869742,-1.3374122110333369,-0.025495335269764885,-4.151334358336444,-0.5755134913664075,-3.851583097899939,-6.304465029172007,2.4780639363728585,-1.6842602653768597,-0.29786681320349806,-3.63008228195759,3.1555265914597963,4.854992884107502,-1.234668296337418,3.584510292442919,-0.18686876677261455,0.808379009316568,0
-1.0624979206373655,0.3157657112001851,2.0159783907714517,-1.8499680892003987,-0.1747653922043109,-2.1167584103350077,-2.1762161049602944,1.2919315359682444,-0.28892778290253307,-3.064395911993613,0.7692024636165093,-1.9143489000922913,-1.359925216181356,-1.7777425072840094,-1.875435363270423,1.1665668916499117,2.8204251667870013,1.9179237663029414,0.4163970737151479,-0.3280215181700541,0
-2.9426771399141307,2.620288094380221,11.722068749757456,-3.5979958867126607,-2.0427183523043837,-4.618832618617267,3.818336513958153,-0.5322144456900277,2.0822822916633106,4.888740967147932,-2.4193800781214154,-1.9480403897646585,0.9506862762049465,-3.1651949951515177,-5.856830702441689,-2.173310910627423,2.309177193863705,-1.20136344022735,3.3301094735409347,-0.10778271314413856,1
2.4597102804175877,2.9651962588715346,-0.1700528681519938,-2.6707781439505145,2.6345925954929648,-0.15444128458601358,-2.9729166971649112,-1.3657967808446012,0.4898474032786325,1.321237621897203,-1.741293349170769,1.9919693664822709,0.0015852093734747275,-1.870252299543011,5.150567918318788,-0.5001883862069594,-0.41040786162565984,2.870920762645632,-2.634697492580286,-1.7638338940943665,0
-2.8791277949927867,-3.9876209363291806,6.431399363501291,-1.5628961643830261,0.9667141990910534,0.0675587484576382,4.431032472133423,-0.8886018467390083,1.5793403499314338,-3.4719508577839724,1.5577723626843731,-4.3351062908284455,1.9422639746812993,-3.132898234804663,-3.6198605208774848,2.20593132576659,2.8600890275974704,0.8370208772673227,-0.009523141883043373,-0.576518253620746,0
-5.155857284274413,17.60007732704153,-8.870596636157662,5.484907485181191,1.0228737973181476,0.09384944754685032,6.040743279914917,1.9923510313490604,3.9485657978412343,5.211840630370046,-3.619834970945487,0.2966821254651004,-4.319835055843473,3.646648687144427,-1.1783924354535797,-8.74250378675753,0.1445833209521417,-5.794845786939484,-2.7392648359260887,-3.171430834994383,0
2.7532067122615955,7.012571888860756,-1.6036122660946968,1.74755293041353,-7.518817351503995,-4.530261315338154,4.713773496856739,1.3731948085199739,-0.02700386788012077,-2.2714757347310983,-2.2681902373535525,-2.1627692301558956,-1.6333196693506076,0.9253989636652956,-2.8831142229878033,-6.877514773074673,-0.8498725370733557,1.2173830921506994,-3.0096914379400577,-0.20459162243120999,0
1.4673203751596051,-2.8751727798667974,0.7251570133784219,3.1920749090636296,-2.782476799853571,0.8045396857396634,7.532252214766578,-2.553727192569057,0.4080338826206742,0.5034845732737674,0.2731100324466631,-1.491702171926586,-0.07332668179912971,2.0800454286459495,0.9999033305605405,0.4418194263008923,-3.7511566144763235,0.3169389729704384,-1.952367212975782,1.770016593646774,0
-2.322504141195483,1.7348505493565491,-0.1673509391247821,-0.5495001062057783,0.7855090877896289,0.5477108180295123,-1.199907757227619,2.173787123254642,0.9320602864908846,-0.750875766282995,-1.0017355357375468,0.0772054523362472,-1.385521854666826,1.5234821125877211,-0.8454290870342879,-1.6768223816118115,2.1391931060136327,0.9373804142112294,-0.6447312386669003,0.7442447038118185,0
-2.00839169057603,-5.267232273943526,-1.561208047668161,3.20379222453781,-0.5156307467160302,3.5935111689416046,4.6828821727550825,-0.3818738722925642,1.3051045281961988,-0.9078498341735118,-1.4141610997147702,0.39991594901772043,1.1842137679321336,4.777577757905973,2.2129593299502908,0.933948357600363,2.1546953433598395,3.1949875813436215,-1.098920359573315,0.736495497679863,0
2.3967384034322565,-3.421164850541114,-3.837725311459332,4.180675723097595,-1.4804011645824422,0.9575041101939901,3.146703330832458,-2.643239688443013,-0.665730874209475,2.0649093093566644,0.840499203707204,1.4817639139136454,-0.5590715212422828,4.11802613401776,3.605682392612831,3.175096749651761,-3.044607003736187,0.6737610523189381,-0.23501068631393762,0.8127956921474793,0
3.8690206331326173,7.428019814326707,-2.860109243474179,0.49982069436806476,-3.922089366446889,-1.7947108759254857,3.440217454613857,2.1947660380501888,1.4379977423792618,-1.4652135758070426,-0.05244478265833852,-0.5033999429927973,-0.533185481977116,3.2616005264322716,-5.124383975517031,-9.146722538342233,-4.245720892719143,-2.4467436208658677,-5.313529093544491,2.1431244611736653,0
2.1020834269790205,2.461162883927048,-1.3128812815154687,-1.2947019507271635,-0.43901173079720685,-0.6933772434827656,-1.0976916973323698,1.6255728701147967,0.9655954107473159,-1.5775035016566086,0.22889081846034132,0.7044872407829044,-0.05695860700894462,2.3020022133255447,-1.9878876008946376,-3.527868750510694,-0.43479129817680395,0.7215357940570541,-2.9382648022434497,1.0905826695438399,0
2.5402668081119377,-9.800624583117331,8.137794281193793,-2.080245444791198,-3.4242754942974947,-0.6761427078631275,1.6866179405813142,-0.5565682553671706,1.016995674615192,4.685343162869044,-0.033811516373706274,3.34703367722627,4.584109167902017,6.438799826360763,-5.019461481641827,0.02756169786636789,-0.7452254466545399,0.770891646893074,2.9129424661700245,5.215250843378386,0
-1.9995914954241667,11.088204487288756,-4.517267182526964,1.0308620446682135,-1.9882828942756225,-2.4203707249309865,-1.75216781687525,3.4226761764202487,-0.591392955238426,-0.5197287257439489,-2.2908210486333305,-0.9403081036385484,-3.1169354534619425,-2.0551599811507444,-1.9477852663793147,-6.014924101241055,1.1662429444943725,-2.852774068410712,0.12721974258428315,-2.1814021619895385,0
-4.752979767211419,-3.6072241452677734,7.3602670273772794,2.300132646863271,-0.4463145205373368,0.16266673752473115,10.352906154265169,-3.3139909852757112,2.672292094898005,3.881671907449466,-0.4485275532457862,-3.0461775431021376,0.33850623604979013,0.6423994492559598,-1.7416922594405053,3.263375702076803,0.9881063883520587,-0.4691804665356085,1.964793471279509,0.37490736489628895,0
0.4863411779579383,5.661799087524478,-2.23287965877226,-1.177436325241899,-2.237023743407711,-2.20440224928793,-4.295980866349175,2.5326290098268,-2.5237298531299794,-4.154088572565463,-1.3740289561085914,-1.7405068708084284,-1.697428285705948,-5.3553508346803635,0.2620511766680551,-3.2336294681346,0.929482062578589,0.14842824013754452,-0.15519492959298553,-2.0042745342568633,0
2.367896907359077,-2.0779233071158436,-2.1241383053367895,2.2810677478294332,-1.4800888036826247,0.12944004355049676,1.0053625454912896,-1.6988666607686649,-0.8054524161250067,2.360467354744778,0.05370379856683294,1.8031973796532146,-0.626187538064529,2.9656030980492667,2.892918720903936,1.7930026676486333,-2.5628147699851977,0.7353824749373237,0.12871800891720098,1.0254971529675359,0
3.2920052986824406,8.63023165191892,-0.1874563965740594,-0.9925606952256774,-0.3187101580758108,-3.8501731254116156,1.2598279079562498,-1.5098531246024565,1.313744526132411,4.287668312444288,-0.1874520920796463,0.8081803828188685,-0.4861286775014845,-0.9687983329109727,-1.4119457067822396,-3.611864107792732,-3.239116417224835,-2.899836903364765,-1.6100892989541147,-1.6453811694288794,0
0.6910982962888107,1.635669948934174,1.5223227179672814,-0.1743434146144376,-3.540491024034992,-0.7703086956440144,1.5704509642763762,0.608920424797035,-1.7065383121376587,-3.127406684058808,-1.5333448873566478,-2.8690707484510924,-0.6510743819205043,-4.342036900467627,0.3097371964234091,-3.0236785644730446,-1.6357316266618949,0.26074012829440485,-1.1592465478551155,0.1615051338798128,0
1.3201713701289899,6.0714090417278,-5.329522788443375,-0.48472282989151116,5.8043243847222925,1.370012932557999,-4.224910734657347,-1.4445063328924945,-0.14663499152654702,1.4139205714235243,0.8034800815401284,1.485089178520861,-2.585585399834235,-2.752647450135053,6.165860707569659,1.2368748275470345,-2.943041664929729,-1.1966286350043185,-2.719377589185547,-2.374064715228419,0
2.6305051025668686,2.4234601956702475,-2.528417428848469,-1.1963260581405135,1.9383095225854927,-0.4410926992456664,-1.9810564798244765,-0.7490451256737604,0.8629001807064567,-0.07287931441098977,-0.015616458242422748,1.695073298895878,0.18726526559495182,0.6656183222774361,2.5182335480284523,-0.28929157587927984,0.10640396479502084,2.124322706970708,-2.7348308801750987,-1.5397902725827155,0
-1.7092177655182617,4.22134472179736,-0.5559014246193174,-2.177950257973647,3.3322401053473394,-1.1269754226632946,-3.5419776880784455,1.2087128717669908,2.5336063362984413,3.0571235110530868,-1.3336947754004194,2.9953803239466934,0.3310146392347124,2.474724476865444,-0.906902914680583,-1.0144086561003631,4.657235144706569,1.0127553377735745,0.5388567518788545,-2.0054420605531362,0
-2.3874728632975675,5.591685477548702,-1.5609817694781558,-0.16678180348197902,1.3677204404186318,0.10925224625793328,-1.6622855501550773,1.9066429286685036,0.6254430182708075,0.9643044186680304,-1.346947994952604,0.24969474559645088,-2.2585706403129695,-0.1576560571266242,-0.1418872052376351,-2.62902233544242,0.7647155102066255,-1.301876967630117,-0.3414948476188009,-0.3434976914035639,0
-7.85447679657465,1.0722024820678313,2.2708207688032513,2.8227344680773396,3.2106389878102632,1.6080682527080459,7.501605277154057,-2.6922622935103746,3.9810817235320672,4.2933439745207735,-4.074840011584341,-0.919278667325597,-0.8843527523493184,1.0989783213235031,4.446616387332878,3.389403464354103,6.755172338497421,3.698652374414381,0.9120403857011292,-3.9924970762077336,0
2.7398681949176154,11.639617982648817,-6.100335184548962,-0.35252703886641035,-1.176003559156485,-2.400016605519247,-4.666252346064953,2.0054625038894356,-1.9601428074851566,0.09748829468163905,-1.3152005556282027,0.7064724498729094,-2.164257968275695,-4.027829517630255,0.6006959691411873,-6.277993944680247,-3.1241201905532607,-3.909411452572825,-1.2814922758485776,-2.3065826610829054,0
-2.7692272923032974,-8.490966501551721,7.812125305790512,-3.970594185362957,3.17790452034116,2.414104070786513,-1.2885908270063304,-0.2302960352753196,1.8795359869547368,0.9375449284237427,-1.279302480017206,1.477009872843448,3.5451222636173982,1.035599378299735,0.22758304478864821,2.927157144336262,4.837689930161416,4.175973394865496,1.6393934913608827,1.2325783969822395,0
-4.550402106374444,-3.4041765489332554,3.942090857797591,-1.337934279185903,6.8092132464896125,2.2008555723568,-0.31235349000507484,-2.8798629293139917,2.4156808057874315,2.851700024071815,-1.175833472216776,0.6608364074889586,-2.185956571155693,0.270329126027515,7.2377120721365,7.646684580372398,4.332145600121553,6.021506871267412,-0.10795107775786117,-1.238120522557252,0
-2.600043689423068,-0.5824643839144106,2.6534910032396275,-0.6598068338539644,4.615594121184926,0.7787299737631717,0.382824048257253,-2.916794842277531,1.3272467419633434,3.2181804746829723,-0.6416601620173712,0.17242447607443767,-1.4978353459902816,-1.5582029816928673,5.135310107353615,5.216484651499621,1.6175085258638469,2.429125232760378,0.42013848449709523,-1.7659432916171747,0
-2.3255921584289947,-0.6092868192362672,-0.31228020677908513,0.10391226566138945,3.191175524894809,3.9194163126994295,-1.356781061389209,0.6559560872777692,-0.8161682985052114,-0.8672376833199354,0.5305561700092882,-0.9684425170557882,-2.151078199012807,-2.103341910148549,2.5620243281262143,0.6102894858838614,-2.7892892176087773,-1.940877955995284,-0.8745403947953851,1.9506236132603738,0
0.3449587239633269,2.5608775964786537,-6.4771232138984605,5.8823054897969485,-0.2377088775219828,0.2764371950380301,5.780582384740299,-3.0861690308516847,0.07546532915645388,0.4205903084840429,1.1945645157781197,-1.4682775066320892,-3.1953472488772015,1.4545414472560654,4.333033447310223,3.085519517754697,-2.5618717104100384,-0.1778210423627291,-2.0379190532096123,-1.9353432813439055,0
-0.9450633596967926,9.691465298290868,-5.152378392282155,6.261919984309089,-7.937791997417013,-3.3971038666418063,9.26903388135521,1.1652250179220114,2.006591412280102,2.6379245557280537,-5.156026253005955,-0.2404983916496537,-2.280072252476554,6.154154221994926,-1.7531503997717683,-7.89854014868418,1.507303481818643,0.6412188559612104,-1.6880231697457315,-1.4694394598490348,0
-0.9324355245394306,1.650485124990267,1.086212517802564,-1.7829356097959588,3.24386895095582,0.22737185214466282,-0.5240150537035424,-0.7843026336905772,2.256691854213079,2.1013873394814366,-1.3894341409691897,1.552283094149861,0.8412695858318455,0.5256312699663587,1.7104898867033116,0.15891482893499717,2.6694212021616814,2.0456532449039138,-0.9634042786379474,-1.8118772207876113,0
2.5236604151071433,-0.36454184763418973,-2.4450860616130012,-0.5276325677064884,2.001168346813049,-1.3550923292955854,-4.18454819124454,-0.24107351669144705,0.37284189862235906,1.670406731884735,2.5144541742215663,2.7963857617768335,-2.482436700671175,4.871604184645271,0.8445725346074122,3.3052548552613397,-0.8388847413007562,1.6865454344550384,-0.7026819258011252,1.630164728936104,0
-0.4293315418617603,-1.1403593445797051,3.20105794805174,-1.850557467502046,-0.8345076956549011,-0.6867792494355411,-0.5642010095920746,1.3233225595086995,0.952784222084808,-0.2680066209439399,-1.1014413015637887,0.39497754108518746,-0.16424328243951036,2.0918600403488954,-1.4575378444551632,-1.2158740864864903,1.8499193744448346,2.667849075147724,-0.5047478848621205,1.79618251444964,1
-4.66845250675292,1.5814584988037406,1.5565339159035563,0.5220746949858694,0.9635469956685141,-0.05548192361860249,1.6141290508071637,1.726616461288451,1.8817066611348148,1.6176013468824026,0.23851010660556082,-0.7290147076319162,-0.5124779735998282,1.9069602438470548,-4.953310694327338,-0.7987878033930325,2.6854866897171723,-2.7245041087386976,2.1268007082803733,0.4528511115839302,0
0.4391601306377471,-1.5344361537305624,-1.8832956421802565,-1.2687938766665852,0.3639647887169371,-2.575394240436916,-4.310081726150403,2.4740283587243015,0.43346991467478424,-4.382994804532491,3.7363707484348008,-0.12728039762920162,-0.5995026424414227,3.5728352268604593,-5.168576217868489,2.3850618452673396,4.286541162146288,2.0217357398421596,0.3399444492027781,0.3190775208647253,0
-1.5811916193038353,-1.4030725348550692,-0.27224041088759404,-0.2237186836515861,1.7362114446457944,0.616308393035587,1.280076585483253,0.7536747763066023,1.4064877828620974,-4.430123962993483,2.47045206431964,-2.3339810273759705,0.6719950268199295,0.29847405467506727,-3.1508876777242505,1.1228106864922245,2.604284501913526,0.5080429087065697,-1.4368167480003529,-0.5656333524667623,0
-2.343703220237911,2.5899517430009147,-6.436308642773962,0.38887935398576146,1.9736077901640612,2.202606860091251,-1.7376653964581814,3.978458461811931,0.20077414351242462,-10.518366435772059,2.192343325238193,-3.6983853205947983,-0.359221670941538,-1.8087826947069845,-2.6380122149703427,-2.2570060026117953,3.837468523391001,0.3297289564702086,-3.7770736377085354,-2.023125164840973,0
-6.219017742566617,-4.600368872149857,3.2466802791405747,3.619555975009728,3.3988453063336457,0.08838998784769847,4.848591522864928,-2.0843670472277536,3.6583299518464107,8.554391954924817,2.7303468751852757,1.3451323298965814,-3.6087169003227455,9.531612878976398,-2.676144498869071,8.394842380806919,1.9076014319662744,-1.1594248028010132,4.507720162932868,3.1672482422613686,0
-0.24217945157751664,-1.0849260857918608,4.354653142191054,-1.0962951329348232,0.26470576700141535,-0.8395944676896924,0.46218730615811804,-2.065042930540047,-0.14953452645141252,2.491953413805349,-1.5908359593255923,-0.11344191720502761,-1.6343501857585445,-1.6418043670864402,3.9456686122089457,2.647849323164622,-0.3349823800379811,2.9243843964263343,0.37751397314724877,0.27240181190033463,0
-5.236006405252633,2.776456805399896,3.806722503504244,0.2616255484445047,4.943300503552028,3.588757981617825,-0.1369874264177386,-2.5552154431328638,-1.1617688800656216,7.25754089487131,-2.9346571154290273,-0.3138279985271175,-3.8519379040052177,-6.90936307832639,7.9899896274871836,2.6173428967882675,-4.210416233516425,-3.8306391121171126,2.6488374073582084,-0.06808246938633966,0
